name,group,category,S1,ST,ST_lo,ST_hi,raw_case,background
design,design,acidification,0.6771677256772766,0.6720191207044215,0.5970777719637332,0.7563562331218092,raw_biopol,2050
design,design,climate change,0.3031810971734645,0.327054154509742,0.2824343970910422,0.36598797273563,raw_biopol,2050
design,design,climate change: biogenic,0.7405077921996045,0.7104910045915567,0.6403629524929779,0.7831430243238409,raw_biopol,2050
design,design,climate change: fossil,0.6386529324194296,0.6603359703125835,0.5834698990037606,0.7408369679607782,raw_biopol,2050
design,design,climate change: land use and land use change,0.46978008573055635,0.5485654757877657,0.48513342427494444,0.6347834526819502,raw_biopol,2050
design,design,ecotoxicity: freshwater,0.6502475111497061,0.6657914520475154,0.5900398483557858,0.7437865015220047,raw_biopol,2050
design,design,"ecotoxicity: freshwater, inorganics",0.6502738430762495,0.6601105477626527,0.5864648022385899,0.7399713526539737,raw_biopol,2050
design,design,"ecotoxicity: freshwater, organics",0.6266381739118531,0.6617292293144239,0.5812748458310857,0.741369633039475,raw_biopol,2050
design,design,energy resources: non-renewable,0.6367528018760505,0.6547906656287984,0.5808359832903397,0.7347059325674661,raw_biopol,2050
design,design,eutrophication: freshwater,0.643911354170279,0.6602292940119316,0.5844208096209063,0.7377564404724792,raw_biopol,2050
design,design,eutrophication: marine,0.6541948803169406,0.6788722030890123,0.5966990845019953,0.7591317417446812,raw_biopol,2050
design,design,eutrophication: terrestrial,0.7138780297091739,0.7071994127931113,0.6275514385732299,0.7890761857840206,raw_biopol,2050
design,design,human toxicity: carcinogenic,0.5966348368146935,0.5893346813376052,0.5188816921506642,0.6656477446246508,raw_biopol,2050
design,design,"human toxicity: carcinogenic, inorganics",0.6145545143427941,0.6226228642375073,0.554255231569228,0.7028235595162285,raw_biopol,2050
design,design,"human toxicity: carcinogenic, organics",0.5550953393809638,0.5363573204637474,0.4672921746865778,0.6067453125576739,raw_biopol,2050
design,design,human toxicity: non-carcinogenic,0.6209848002965052,0.6320459912957694,0.561463506541981,0.7118311200278562,raw_biopol,2050
design,design,"human toxicity: non-carcinogenic, inorganics",0.6202612381720455,0.6316417693407083,0.5610986402146269,0.7114080177320077,raw_biopol,2050
design,design,"human toxicity: non-carcinogenic, organics",0.6346832569716622,0.6392766181905896,0.5692970854731375,0.7193642299604162,raw_biopol,2050
design,design,ionising radiation: human health,0.5432568234013445,0.600238000882983,0.5315565144215609,0.6923519142874273,raw_biopol,2050
design,design,land use,0.63145891491716,0.6605298533677029,0.5824057558006243,0.7363272094382659,raw_biopol,2050
design,design,material resources: metals/minerals,0.5540765836680119,0.5256349425008219,0.45774687628727023,0.6007808461169741,raw_biopol,2050
design,design,ozone depletion,0.5623291344525355,0.5362737996207879,0.46595706249183166,0.612181888483933,raw_biopol,2050
design,design,particulate matter formation,0.6398833948932763,0.6216469333763529,0.5495225537468599,0.7034736065054631,raw_biopol,2050
design,design,photochemical oxidant formation: human health,0.648281374928555,0.6537839739028599,0.5784558884451291,0.736914795893944,raw_biopol,2050
design,design,water use,0.6003600815549641,0.6500556612639874,0.5737553333501416,0.7412887369620843,raw_biopol,2050
manufacturing,manufacturing,acidification,0.2281974845636361,0.14711639798186177,0.12773885297417187,0.17225992251901975,raw_biopol,2050
manufacturing,manufacturing,climate change,0.07203104159092026,0.06785816000850632,0.05648308822829239,0.08233666186186037,raw_biopol,2050
manufacturing,manufacturing,climate change: biogenic,0.00679629977939977,0.0006076728949078058,0.0005224292302244936,0.0007206630061118896,raw_biopol,2050
manufacturing,manufacturing,climate change: fossil,0.23472666035702974,0.1576756708872221,0.13770819261833178,0.18345187000701896,raw_biopol,2050
manufacturing,manufacturing,climate change: land use and land use change,0.22360946087417288,0.1436374495070469,0.1235568400331025,0.16634606407746058,raw_biopol,2050
manufacturing,manufacturing,ecotoxicity: freshwater,0.21594182944592683,0.14358121392975526,0.1250328102647438,0.16791326213018057,raw_biopol,2050
manufacturing,manufacturing,"ecotoxicity: freshwater, inorganics",0.2185998762916398,0.14563358648075925,0.1268995426060089,0.17051959758245414,raw_biopol,2050
manufacturing,manufacturing,"ecotoxicity: freshwater, organics",0.22576407065739487,0.15905630021511094,0.13544124036919464,0.18960340321836933,raw_biopol,2050
manufacturing,manufacturing,energy resources: non-renewable,0.23890093557650507,0.1611343429288179,0.1395483521843144,0.18865869602140145,raw_biopol,2050
manufacturing,manufacturing,eutrophication: freshwater,0.2306425622255031,0.15403544420876994,0.1345536750893716,0.17931788864028372,raw_biopol,2050
manufacturing,manufacturing,eutrophication: marine,0.21924831777119494,0.14799862647610193,0.12693773368166503,0.17665026567744274,raw_biopol,2050
manufacturing,manufacturing,eutrophication: terrestrial,0.2125340712749416,0.12799277103779813,0.10926478406976418,0.15224809185616098,raw_biopol,2050
manufacturing,manufacturing,human toxicity: carcinogenic,0.22717760141751925,0.16611973217471743,0.1412967100035588,0.19365603124532463,raw_biopol,2050
manufacturing,manufacturing,"human toxicity: carcinogenic, inorganics",0.2580220984931975,0.18147151053220567,0.158064421011089,0.2069219671418575,raw_biopol,2050
manufacturing,manufacturing,"human toxicity: carcinogenic, organics",0.19160401287819986,0.14859296501406935,0.12495428228585748,0.17859627926459304,raw_biopol,2050
manufacturing,manufacturing,human toxicity: non-carcinogenic,0.24829736246200618,0.1726040674388884,0.14997150604240345,0.1983496109533904,raw_biopol,2050
manufacturing,manufacturing,"human toxicity: non-carcinogenic, inorganics",0.24879162591286924,0.17303820446404883,0.15029793705443428,0.19875429945056372,raw_biopol,2050
manufacturing,manufacturing,"human toxicity: non-carcinogenic, organics",0.23916907977976484,0.16494755199678232,0.14336574019878642,0.19023889215206952,raw_biopol,2050
manufacturing,manufacturing,ionising radiation: human health,0.25219673023222605,0.16789574350021294,0.14592514127599657,0.19416779927743552,raw_biopol,2050
manufacturing,manufacturing,land use,0.22703054282196464,0.15822975313710427,0.13465305965285776,0.18721782807954462,raw_biopol,2050
manufacturing,manufacturing,material resources: metals/minerals,0.20019806017442718,0.15900849300312267,0.13397738565807837,0.18992411759081876,raw_biopol,2050
manufacturing,manufacturing,ozone depletion,0.18509648409165952,0.1461804367756286,0.12334886313050761,0.17487728561625457,raw_biopol,2050
manufacturing,manufacturing,particulate matter formation,0.222577713327034,0.15315080444795454,0.13091828216790444,0.17910926024616333,raw_biopol,2050
manufacturing,manufacturing,photochemical oxidant formation: human health,0.227204102290284,0.1535869349332759,0.1332622486187119,0.18027556407819395,raw_biopol,2050
manufacturing,manufacturing,water use,0.23419278429272902,0.1529677037578192,0.13221863160992336,0.1793818663565192,raw_biopol,2050
circularity,circularity,acidification,0.17762984730152664,0.13104660435139245,0.11120447261120767,0.1513747554725426,raw_biopol,2050
circularity,circularity,climate change,0.6053023221443447,0.5315353408383473,0.4584108114731347,0.6151829166558735,raw_biopol,2050
circularity,circularity,climate change: biogenic,0.4069669350125891,0.24717310182109736,0.21521298529368751,0.2918305321446069,raw_biopol,2050
circularity,circularity,climate change: fossil,0.19950444455867603,0.13813081128675506,0.11725559382592803,0.1597154026898004,raw_biopol,2050
circularity,circularity,climate change: land use and land use change,0.1801540605684346,0.1259514374978503,0.10887758782442793,0.1451875203068853,raw_biopol,2050
circularity,circularity,ecotoxicity: freshwater,0.2122963538989927,0.14394071078367496,0.12205438519883767,0.16686881573741325,raw_biopol,2050
circularity,circularity,"ecotoxicity: freshwater, inorganics",0.2156035609137923,0.14537311443269763,0.12291581579056948,0.1684774503027503,raw_biopol,2050
circularity,circularity,"ecotoxicity: freshwater, organics",0.194771725876062,0.1348000282557535,0.11486345931212627,0.15639597982016792,raw_biopol,2050
circularity,circularity,energy resources: non-renewable,0.20781220912997742,0.14365722163545971,0.12180480890567222,0.16633728884322338,raw_biopol,2050
circularity,circularity,eutrophication: freshwater,0.20387528865860893,0.1407930694844087,0.11937288380807551,0.16304057148323536,raw_biopol,2050
circularity,circularity,eutrophication: marine,0.18182345974608172,0.12982970550570191,0.11105747582073563,0.15069327286220546,raw_biopol,2050
circularity,circularity,eutrophication: terrestrial,0.1530177321364924,0.1222684606700034,0.1036553323383896,0.14150147347967013,raw_biopol,2050
circularity,circularity,human toxicity: carcinogenic,0.1960275779381916,0.1350149930330596,0.1106724599679765,0.15822483737850038,raw_biopol,2050
circularity,circularity,"human toxicity: carcinogenic, inorganics",0.21389204782438867,0.1464698767061209,0.12244404356312423,0.17012908570136678,raw_biopol,2050
circularity,circularity,"human toxicity: carcinogenic, organics",0.17201794373276405,0.11971894695980714,0.0963892315416543,0.14196728270281023,raw_biopol,2050
circularity,circularity,human toxicity: non-carcinogenic,0.21470463600502032,0.1467136554798055,0.12285687271587806,0.17038937210181526,raw_biopol,2050
circularity,circularity,"human toxicity: non-carcinogenic, inorganics",0.2147735711762901,0.14676100596081154,0.12289149784505819,0.17045056769663877,raw_biopol,2050
circularity,circularity,"human toxicity: non-carcinogenic, organics",0.21302823016152178,0.14560604708849642,0.12205683755430437,0.16895538262007112,raw_biopol,2050
circularity,circularity,ionising radiation: human health,0.2000247509100929,0.13968760756798806,0.12051909860252434,0.16172910150537975,raw_biopol,2050
circularity,circularity,land use,0.19921355529345552,0.13777122022372595,0.11748144413647987,0.1597243701348173,raw_biopol,2050
circularity,circularity,material resources: metals/minerals,0.17299870232533635,0.12330325516041354,0.09926320098949948,0.14586985403188757,raw_biopol,2050
circularity,circularity,ozone depletion,0.17040622456085983,0.12084932300028739,0.09725070464975982,0.14244444553223476,raw_biopol,2050
circularity,circularity,particulate matter formation,0.1716802403546217,0.12502047393540042,0.10375348913516115,0.14547982670272483,raw_biopol,2050
circularity,circularity,photochemical oxidant formation: human health,0.19713306239642947,0.138268994543187,0.11623735398315588,0.16094330418761732,raw_biopol,2050
circularity,circularity,water use,0.2041078327413095,0.14094992192950107,0.12136221811002298,0.16317072272332772,raw_biopol,2050
location,location,acidification,0.023548062278911583,0.0143214777973871,0.011996613537938437,0.016862319641103272,raw_biopol,2050
location,location,climate change,0.01622788872828203,0.009672968216398788,0.007979826815035741,0.01146283282165252,raw_biopol,2050
location,location,climate change: biogenic,-0.0005145469718317157,3.3337220237145025e-05,2.6799285833177e-05,4.0007028139449394e-05,raw_biopol,2050
location,location,climate change: fossil,0.008830309816663653,0.004287150408004673,0.003588356874365644,0.005096042961492033,raw_biopol,2050
location,location,climate change: land use and land use change,0.12277740968865185,0.1513708435835686,0.12533822546353765,0.1834368942791028,raw_biopol,2050
location,location,ecotoxicity: freshwater,0.013271352278334644,0.007149989153074037,0.005951490974553552,0.0084666865457788,raw_biopol,2050
location,location,"ecotoxicity: freshwater, inorganics",0.020253429695715117,0.012018423578770155,0.010015901610339138,0.01412223241379074,raw_biopol,2050
location,location,"ecotoxicity: freshwater, organics",0.0003852963449921425,3.189543850045915e-05,2.6687445261205948e-05,3.796602151445781e-05,raw_biopol,2050
location,location,energy resources: non-renewable,0.008565106821484607,0.003965525668440602,0.003297719410102046,0.004710102467420592,raw_biopol,2050
location,location,eutrophication: freshwater,0.012739906745597064,0.006815627438331716,0.005675586519519065,0.008064752240583922,raw_biopol,2050
location,location,eutrophication: marine,0.0012617202549866135,0.00024074558992955564,0.00020188536334211094,0.0002874205777149812,raw_biopol,2050
location,location,eutrophication: terrestrial,0.009515811004157623,0.004435732191236528,0.0037133689390297484,0.005336750363773144,raw_biopol,2050
location,location,human toxicity: carcinogenic,0.09552909724255504,0.07612071438468701,0.063786435761748,0.08847783234493108,raw_biopol,2050
location,location,"human toxicity: carcinogenic, inorganics",0.03219333481692116,0.021105930933547436,0.017673622703143318,0.025018172401313394,raw_biopol,2050
location,location,"human toxicity: carcinogenic, organics",0.1815235147420587,0.15653977308327865,0.13129870093715856,0.17894191810732454,raw_biopol,2050
location,location,human toxicity: non-carcinogenic,0.026411510177045943,0.016753950442621172,0.013930289088258774,0.019809865307544205,raw_biopol,2050
location,location,"human toxicity: non-carcinogenic, inorganics",0.026323566912083325,0.01669618267793659,0.013884760525717795,0.019742222152509235,raw_biopol,2050
location,location,"human toxicity: non-carcinogenic, organics",0.02817581662186006,0.017914730110436525,0.014915998404922064,0.0211187877360933,raw_biopol,2050
location,location,ionising radiation: human health,0.044223899746968345,0.06414007630376026,0.053538322333918135,0.07770140766005704,raw_biopol,2050
location,location,land use,0.0015847292109789207,0.00035480923065729923,0.00029684964756924846,0.00042349291868282526,raw_biopol,2050
location,location,material resources: metals/minerals,0.18670895155809528,0.15916442839442668,0.13368059910480942,0.18529531741378072,raw_biopol,2050
location,location,ozone depletion,0.18196737278498243,0.15632868146453224,0.13166392464898818,0.18121688878109596,raw_biopol,2050
location,location,particulate matter formation,0.08360834500569131,0.06482955804719819,0.054381829245838495,0.0753922309467285,raw_biopol,2050
location,location,photochemical oxidant formation: human health,0.025680715299295567,0.0164028546287503,0.013652364858167055,0.019216039472383484,raw_biopol,2050
location,location,water use,0.00939160377173135,0.019254638796377455,0.016145657446503273,0.023302714084042133,raw_biopol,2050
