raw_case,background,product,category,median,lo,hi,P(lower than glulam beam),P(lower than reinforced concrete beam),P(lower than adobe brick for interior wall),P(lower than clay brick for interior wall),P(lower than synthetic polymer architectural membrane)
raw_timber,today,RAW reclaimed timber (CNC beam),climate change,-97.10614525605374,-151.8435460313835,-60.37497433902104,0.987,0.998,,,
raw_timber,today,RAW reclaimed timber (CNC beam),ozone depletion,-1.873764572540082e-06,-2.932144324464521e-06,-1.212568627200405e-06,0.9485,1.0,,,
raw_timber,today,RAW reclaimed timber (CNC beam),particulate matter formation,-3.138728206846201e-07,-6.168023483049959e-07,-8.35805537953296e-08,1.0,1.0,,,
raw_timber,today,RAW reclaimed timber (CNC beam),acidification,-0.06575555816508283,-0.10636861774623538,-0.021758777036994758,0.9985,1.0,,,
raw_timber,today,RAW reclaimed timber (CNC beam),eutrophication: freshwater,-0.005461410171512227,-0.022111030260784,0.025149922067752087,0.6495,0.989,,,
raw_timber,today,RAW reclaimed timber (CNC beam),land use,1459.364411484331,471.4144075079374,4933.2334716535115,0.938,0.8075,,,
raw_timber,today,RAW reclaimed timber (CNC beam),water use,-3.0777535236498887,-8.798932624580962,11.269589238617053,0.9855,1.0,,,
raw_timber,today,RAW reclaimed timber (CNC beam),material resources: metals/minerals,-0.00023862666083160998,-0.0004107469286049549,-0.00014118663985633652,0.7645,1.0,,,
raw_timber,today,RAW reclaimed timber (CNC beam) - scaled up,climate change,-48.12176553982756,-117.04371228489693,15.354882270572363,,,,,
raw_timber,today,RAW reclaimed timber (CNC beam) - scaled up,ozone depletion,-6.230071657302534e-07,-1.3078899793976622e-06,-1.7864315973119414e-07,,,,,
raw_timber,today,RAW reclaimed timber (CNC beam) - scaled up,particulate matter formation,9.379799437399905e-07,5.34385831973728e-07,1.7141515076306092e-06,,,,,
raw_timber,today,RAW reclaimed timber (CNC beam) - scaled up,acidification,0.10349146380939504,0.06232871108502496,0.187759592519664,,,,,
raw_timber,today,RAW reclaimed timber (CNC beam) - scaled up,eutrophication: freshwater,0.02538583898630563,0.010617708769077625,0.07478009605335498,,,,,
raw_timber,today,RAW reclaimed timber (CNC beam) - scaled up,land use,1846.2599466908496,782.9638064586889,5370.461991473323,,,,,
raw_timber,today,RAW reclaimed timber (CNC beam) - scaled up,water use,10.737860574588286,4.755142607270027,27.012904998256403,,,,,
raw_timber,today,RAW reclaimed timber (CNC beam) - scaled up,material resources: metals/minerals,0.0005842261689903124,0.00035343600677071425,0.0010440888095167534,,,,,
raw_timber,today,glulam beam,climate change,-44.1209813047129,-71.20423638246392,-23.809399118839327,,,,,
raw_timber,today,glulam beam,ozone depletion,-1.1295344121012457e-06,-1.8892259358925305e-06,-6.746730301280059e-07,,,,,
raw_timber,today,glulam beam,particulate matter formation,8.632850292946856e-06,4.4258223313400006e-06,1.898587605537693e-05,,,,,
raw_timber,today,glulam beam,acidification,0.05288273739976264,0.017496636014303794,0.11270320020253681,,,,,
raw_timber,today,glulam beam,eutrophication: freshwater,-0.003244702241967372,-0.019912939334692507,0.01968172203935042,,,,,
raw_timber,today,glulam beam,land use,6394.424366910617,2560.1139907409547,15275.236854932691,,,,,
raw_timber,today,glulam beam,water use,9.062180282192108,4.090128939988654,21.061280576183606,,,,,
raw_timber,today,glulam beam,material resources: metals/minerals,-0.00018278091062487505,-0.00037803599957293883,-6.348028622782288e-05,,,,,
raw_timber,today,reinforced concrete beam,climate change,397.70879632520047,170.29366806775994,721.1265875539178,,,,,
raw_timber,today,reinforced concrete beam,ozone depletion,4.824975695460776e-06,2.9372395889712614e-06,8.436127558659506e-06,,,,,
raw_timber,today,reinforced concrete beam,particulate matter formation,3.2726395663327044e-05,2.005627654552154e-05,6.0337751042364396e-05,,,,,
raw_timber,today,reinforced concrete beam,acidification,1.5763673801771727,1.0504175050420916,2.4496943904071578,,,,,
raw_timber,today,reinforced concrete beam,eutrophication: freshwater,0.13322255628139998,0.06429555591745635,0.31200121588696544,,,,,
raw_timber,today,reinforced concrete beam,land use,2828.8511071074663,1848.0184883127165,4517.655961822298,,,,,
raw_timber,today,reinforced concrete beam,water use,132.5269768952586,91.23856838971608,191.56801395928494,,,,,
raw_timber,today,reinforced concrete beam,material resources: metals/minerals,0.0019225656865967688,0.0012807727829951504,0.003039848133163758,,,,,
raw_timber,2050,RAW reclaimed timber (CNC beam),climate change,-58.681204912531555,-85.03576667783567,-41.77734891646284,1.0,1.0,,,
raw_timber,2050,RAW reclaimed timber (CNC beam),ozone depletion,-9.778767047675317e-07,-1.4175815493243258e-06,-6.887067870498041e-07,1.0,1.0,,,
raw_timber,2050,RAW reclaimed timber (CNC beam),particulate matter formation,-8.415415436980917e-07,-1.217904406087596e-06,-5.958566153660554e-07,1.0,1.0,,,
raw_timber,2050,RAW reclaimed timber (CNC beam),acidification,-0.05592149226155268,-0.08090107126072976,-0.03946539959791876,1.0,1.0,,,
raw_timber,2050,RAW reclaimed timber (CNC beam),eutrophication: freshwater,-0.0005798304505194832,-0.0009052351259718991,-0.0003524858291721732,1.0,1.0,,,
raw_timber,2050,RAW reclaimed timber (CNC beam),land use,1211.3821814306466,843.678256671442,1830.9954736065515,1.0,0.993,,,
raw_timber,2050,RAW reclaimed timber (CNC beam),water use,-6.6694277839380565,-9.731149292044023,-4.6849490145940695,1.0,1.0,,,
raw_timber,2050,RAW reclaimed timber (CNC beam),material resources: metals/minerals,-0.00019539715405697417,-0.0002980469235261618,-0.0001316034396089522,0.9915,1.0,,,
raw_timber,2050,RAW reclaimed timber (CNC beam) - scaled up,climate change,-55.310453147231826,-80.45611308344468,-39.446826812060614,,,,,
raw_timber,2050,RAW reclaimed timber (CNC beam) - scaled up,ozone depletion,-6.013632583414716e-07,-8.772438713881058e-07,-4.201435420624888e-07,,,,,
raw_timber,2050,RAW reclaimed timber (CNC beam) - scaled up,particulate matter formation,-2.619857224518124e-07,-4.099625514143691e-07,-1.5243209023949076e-07,,,,,
raw_timber,2050,RAW reclaimed timber (CNC beam) - scaled up,acidification,0.016370474369778405,0.006877150424383699,0.03406562527691129,,,,,
raw_timber,2050,RAW reclaimed timber (CNC beam) - scaled up,eutrophication: freshwater,0.003434745616729176,0.00236428912442098,0.005254686680554216,,,,,
raw_timber,2050,RAW reclaimed timber (CNC beam) - scaled up,land use,1468.6671189573449,1024.0080110304586,2219.4203159433546,,,,,
raw_timber,2050,RAW reclaimed timber (CNC beam) - scaled up,water use,7.387803758899106,4.792450009081886,12.014292126016384,,,,,
raw_timber,2050,RAW reclaimed timber (CNC beam) - scaled up,material resources: metals/minerals,0.0003049958772016531,0.00019778573494297642,0.0004965859397445193,,,,,
raw_timber,2050,glulam beam,climate change,-18.936785375530413,-28.396820066641332,-12.197132134366324,,,,,
raw_timber,2050,glulam beam,ozone depletion,-2.6885087657479378e-08,-1.6483459843886397e-07,1.7414748106620426e-07,,,,,
raw_timber,2050,glulam beam,particulate matter formation,6.8002603749737935e-06,4.9517046720852975e-06,9.563985158362626e-06,,,,,
raw_timber,2050,glulam beam,acidification,0.03864380494703323,0.027695473877264135,0.054989422845149065,,,,,
raw_timber,2050,glulam beam,eutrophication: freshwater,0.0008645951103790103,0.000604508322307461,0.0012718011314953707,,,,,
raw_timber,2050,glulam beam,land use,13836.528704166849,10072.538984935121,19523.012503641665,,,,,
raw_timber,2050,glulam beam,water use,0.25749479730617875,-0.21795795601497225,0.826330804631627,,,,,
raw_timber,2050,glulam beam,material resources: metals/minerals,-8.91446038960759e-05,-0.00014935350277592383,-5.670554267145655e-05,,,,,
raw_timber,2050,reinforced concrete beam,climate change,227.24827440372155,161.32813510791522,325.70016099519927,,,,,
raw_timber,2050,reinforced concrete beam,ozone depletion,6.6602589250987255e-06,4.593248469400868e-06,9.724245429384905e-06,,,,,
raw_timber,2050,reinforced concrete beam,particulate matter formation,1.7313377292820614e-05,1.2208589789596397e-05,2.4676034806338122e-05,,,,,
raw_timber,2050,reinforced concrete beam,acidification,0.7935412126865575,0.5636197420797482,1.135038665291321,,,,,
raw_timber,2050,reinforced concrete beam,eutrophication: freshwater,0.05235571859074426,0.03642868447427678,0.07590936929321297,,,,,
raw_timber,2050,reinforced concrete beam,land use,2505.103425430602,1867.0863220484773,3393.729017887771,,,,,
raw_timber,2050,reinforced concrete beam,water use,123.389989064181,87.40127312412827,175.53386124813633,,,,,
raw_timber,2050,reinforced concrete beam,material resources: metals/minerals,0.0017966137489249566,0.0012460151891253782,0.002621619365226658,,,,,
raw_cfw,today,RAW coreless filament winding (beam),climate change,49.17550094511238,-30.834567087341263,152.8219403733866,0.0395,0.9985,,,
raw_cfw,today,RAW coreless filament winding (beam),ozone depletion,2.0054285344076107e-06,1.438647993784202e-06,2.921823158056896e-06,0.0,0.99,,,
raw_cfw,today,RAW coreless filament winding (beam),particulate matter formation,4.725592374546678e-06,3.397548383048004e-06,7.046466941311363e-06,0.8965,1.0,,,
raw_cfw,today,RAW coreless filament winding (beam),acidification,0.5757211599822485,0.4233842964043818,0.7676555290685418,0.0,0.9995,,,
raw_cfw,today,RAW coreless filament winding (beam),eutrophication: freshwater,0.030594143903672592,0.017481333539985506,0.06390376001494183,0.026,0.9965,,,
raw_cfw,today,RAW coreless filament winding (beam),land use,1002.9245425541894,-2662.0706254886786,4816.199819026023,0.952,0.7865,,,
raw_cfw,today,RAW coreless filament winding (beam),water use,18.65284792968459,13.846953945882252,26.228195405326392,0.0695,1.0,,,
raw_cfw,today,RAW coreless filament winding (beam),material resources: metals/minerals,0.0008925278542562863,0.0005228107865946819,0.001778273874731937,0.0,0.957,,,
raw_cfw,today,RAW coreless filament winding (beam) - scaled up,climate change,54.535877999430014,-34.58948035899055,169.16500921532202,,,,,
raw_cfw,today,RAW coreless filament winding (beam) - scaled up,ozone depletion,2.141467323180311e-06,1.5620454481694286e-06,3.1085397231453815e-06,,,,,
raw_cfw,today,RAW coreless filament winding (beam) - scaled up,particulate matter formation,4.83331893017501e-06,3.468135310156071e-06,7.195654855226847e-06,,,,,
raw_cfw,today,RAW coreless filament winding (beam) - scaled up,acidification,0.5932658629391778,0.4376353184921324,0.7910014071840569,,,,,
raw_cfw,today,RAW coreless filament winding (beam) - scaled up,eutrophication: freshwater,0.03370021726337761,0.019074495460454772,0.07168941501707612,,,,,
raw_cfw,today,RAW coreless filament winding (beam) - scaled up,land use,1042.1998038640588,-2616.665939110514,4864.612066616436,,,,,
raw_cfw,today,RAW coreless filament winding (beam) - scaled up,water use,19.973478887312496,14.914002531358458,27.931940115265952,,,,,
raw_cfw,today,RAW coreless filament winding (beam) - scaled up,material resources: metals/minerals,0.0009675388733463477,0.0005769098693472038,0.0018649392946339428,,,,,
raw_cfw,today,glulam beam,climate change,-44.1209813047129,-71.20423638246392,-23.809399118839327,,,,,
raw_cfw,today,glulam beam,ozone depletion,-1.1295344121012457e-06,-1.8892259358925305e-06,-6.746730301280059e-07,,,,,
raw_cfw,today,glulam beam,particulate matter formation,8.632850292946856e-06,4.4258223313400006e-06,1.898587605537693e-05,,,,,
raw_cfw,today,glulam beam,acidification,0.05288273739976264,0.017496636014303794,0.11270320020253681,,,,,
raw_cfw,today,glulam beam,eutrophication: freshwater,-0.003244702241967372,-0.019912939334692507,0.01968172203935042,,,,,
raw_cfw,today,glulam beam,land use,6394.424366910617,2560.1139907409547,15275.236854932691,,,,,
raw_cfw,today,glulam beam,water use,9.062180282192108,4.090128939988654,21.061280576183606,,,,,
raw_cfw,today,glulam beam,material resources: metals/minerals,-0.00018278091062487505,-0.00037803599957293883,-6.348028622782288e-05,,,,,
raw_cfw,today,reinforced concrete beam,climate change,397.70879632520047,170.29366806775994,721.1265875539178,,,,,
raw_cfw,today,reinforced concrete beam,ozone depletion,4.824975695460776e-06,2.9372395889712614e-06,8.436127558659506e-06,,,,,
raw_cfw,today,reinforced concrete beam,particulate matter formation,3.2726395663327044e-05,2.005627654552154e-05,6.0337751042364396e-05,,,,,
raw_cfw,today,reinforced concrete beam,acidification,1.5763673801771727,1.0504175050420916,2.4496943904071578,,,,,
raw_cfw,today,reinforced concrete beam,eutrophication: freshwater,0.13322255628139998,0.06429555591745635,0.31200121588696544,,,,,
raw_cfw,today,reinforced concrete beam,land use,2828.8511071074663,1848.0184883127165,4517.655961822298,,,,,
raw_cfw,today,reinforced concrete beam,water use,132.5269768952586,91.23856838971608,191.56801395928494,,,,,
raw_cfw,today,reinforced concrete beam,material resources: metals/minerals,0.0019225656865967688,0.0012807727829951504,0.003039848133163758,,,,,
raw_cfw,2050,RAW coreless filament winding (beam),climate change,15.31966558941637,10.587956750942485,21.24343260039349,0.0,1.0,,,
raw_cfw,2050,RAW coreless filament winding (beam),ozone depletion,1.760188394336752e-06,1.3469855290645184e-06,2.285147849166713e-06,0.0,1.0,,,
raw_cfw,2050,RAW coreless filament winding (beam),particulate matter formation,2.8296625422723e-06,2.2030649284137476e-06,3.632915497013821e-06,1.0,1.0,,,
raw_cfw,2050,RAW coreless filament winding (beam),acidification,0.4089748638671398,0.31773466578485476,0.5249505537803937,0.0,0.997,,,
raw_cfw,2050,RAW coreless filament winding (beam),eutrophication: freshwater,0.009518713565729493,0.0073834453226319765,0.012114978934282976,0.0,1.0,,,
raw_cfw,2050,RAW coreless filament winding (beam),land use,976.4761983480552,757.1637700003361,1255.0003226336712,1.0,1.0,,,
raw_cfw,2050,RAW coreless filament winding (beam),water use,14.584859849041107,11.247618889544553,18.66639200051552,0.0,1.0,,,
raw_cfw,2050,RAW coreless filament winding (beam),material resources: metals/minerals,0.0003522731817328611,0.0002690932548332159,0.0004618460119880659,0.0,1.0,,,
raw_cfw,2050,RAW coreless filament winding (beam) - scaled up,climate change,15.542846955998463,10.714633912409615,21.440876836732407,,,,,
raw_cfw,2050,RAW coreless filament winding (beam) - scaled up,ozone depletion,1.7963429604736941e-06,1.3736908952082278e-06,2.3363047347096137e-06,,,,,
raw_cfw,2050,RAW coreless filament winding (beam) - scaled up,particulate matter formation,2.8759250576856313e-06,2.238814332863531e-06,3.696706752852238e-06,,,,,
raw_cfw,2050,RAW coreless filament winding (beam) - scaled up,acidification,0.4159416687044012,0.32385710922837047,0.533329275311249,,,,,
raw_cfw,2050,RAW coreless filament winding (beam) - scaled up,eutrophication: freshwater,0.009826805431622503,0.007643426747788662,0.012445609896438507,,,,,
raw_cfw,2050,RAW coreless filament winding (beam) - scaled up,land use,1005.229013325034,781.289865390754,1293.189112806378,,,,,
raw_cfw,2050,RAW coreless filament winding (beam) - scaled up,water use,16.03802871077984,12.42879835105744,20.486964044454904,,,,,
raw_cfw,2050,RAW coreless filament winding (beam) - scaled up,material resources: metals/minerals,0.00040326892054575706,0.00031113987622488534,0.0005298269561227748,,,,,
raw_cfw,2050,glulam beam,climate change,-18.936785375530413,-28.396820066641332,-12.197132134366324,,,,,
raw_cfw,2050,glulam beam,ozone depletion,-2.6885087657479378e-08,-1.6483459843886397e-07,1.7414748106620426e-07,,,,,
raw_cfw,2050,glulam beam,particulate matter formation,6.8002603749737935e-06,4.9517046720852975e-06,9.563985158362626e-06,,,,,
raw_cfw,2050,glulam beam,acidification,0.03864380494703323,0.027695473877264135,0.054989422845149065,,,,,
raw_cfw,2050,glulam beam,eutrophication: freshwater,0.0008645951103790103,0.000604508322307461,0.0012718011314953707,,,,,
raw_cfw,2050,glulam beam,land use,13836.528704166849,10072.538984935121,19523.012503641665,,,,,
raw_cfw,2050,glulam beam,water use,0.25749479730617875,-0.21795795601497225,0.826330804631627,,,,,
raw_cfw,2050,glulam beam,material resources: metals/minerals,-8.91446038960759e-05,-0.00014935350277592383,-5.670554267145655e-05,,,,,
raw_cfw,2050,reinforced concrete beam,climate change,227.24827440372155,161.32813510791522,325.70016099519927,,,,,
raw_cfw,2050,reinforced concrete beam,ozone depletion,6.6602589250987255e-06,4.593248469400868e-06,9.724245429384905e-06,,,,,
raw_cfw,2050,reinforced concrete beam,particulate matter formation,1.7313377292820614e-05,1.2208589789596397e-05,2.4676034806338122e-05,,,,,
raw_cfw,2050,reinforced concrete beam,acidification,0.7935412126865575,0.5636197420797482,1.135038665291321,,,,,
raw_cfw,2050,reinforced concrete beam,eutrophication: freshwater,0.05235571859074426,0.03642868447427678,0.07590936929321297,,,,,
raw_cfw,2050,reinforced concrete beam,land use,2505.103425430602,1867.0863220484773,3393.729017887771,,,,,
raw_cfw,2050,reinforced concrete beam,water use,123.389989064181,87.40127312412827,175.53386124813633,,,,,
raw_cfw,2050,reinforced concrete beam,material resources: metals/minerals,0.0017966137489249566,0.0012460151891253782,0.002621619365226658,,,,,
raw_biopol,today,RAW biopol (3D-printed wall),climate change,6218.922701843675,-4335.954918846234,20131.474517577484,,,0.1425,0.155,
raw_biopol,today,RAW biopol (3D-printed wall),ozone depletion,0.00018563589691420658,0.0001183336150961221,0.00029532961923398537,,,0.0,0.0,
raw_biopol,today,RAW biopol (3D-printed wall),particulate matter formation,0.00022777681856393274,0.00014536463758271532,0.0003810353916285352,,,0.0055,0.0,
raw_biopol,today,RAW biopol (3D-printed wall),acidification,30.517977053772945,20.20271710778386,46.66423439219803,,,0.0,0.0,
raw_biopol,today,RAW biopol (3D-printed wall),eutrophication: freshwater,4.740425525056217,2.5411362249754017,11.028046303336524,,,0.0,0.0,
raw_biopol,today,RAW biopol (3D-printed wall),land use,246997.66051060654,164421.45387618153,370442.33052765275,,,0.0,0.0,
raw_biopol,today,RAW biopol (3D-printed wall),water use,5043.51978822049,3314.0365330370664,7561.141331142941,,,0.0,0.0,
raw_biopol,today,RAW biopol (3D-printed wall),material resources: metals/minerals,0.11946720307988859,0.07268087120468249,0.1993936081705823,,,0.0,0.0,
raw_biopol,today,RAW biopol (3D-printed wall) - scaled up,climate change,5887.389204603087,-4067.767818629428,18940.507945589256,,,,,
raw_biopol,today,RAW biopol (3D-printed wall) - scaled up,ozone depletion,0.0001778246150707041,0.00011324993731589706,0.0002840335379815099,,,,,
raw_biopol,today,RAW biopol (3D-printed wall) - scaled up,particulate matter formation,0.00020835702834631596,0.00013344562170062015,0.0003468253943908071,,,,,
raw_biopol,today,RAW biopol (3D-printed wall) - scaled up,acidification,28.784214496868188,19.062099380307703,43.6679357017087,,,,,
raw_biopol,today,RAW biopol (3D-printed wall) - scaled up,eutrophication: freshwater,4.4683721946305806,2.402647029951699,10.493962037138717,,,,,
raw_biopol,today,RAW biopol (3D-printed wall) - scaled up,land use,244091.09973827982,162637.5412505367,366356.11886761035,,,,,
raw_biopol,today,RAW biopol (3D-printed wall) - scaled up,water use,4894.048267884074,3230.163130943055,7355.443372595245,,,,,
raw_biopol,today,RAW biopol (3D-printed wall) - scaled up,material resources: metals/minerals,0.10830968075245213,0.06599990344165417,0.18285822269597166,,,,,
raw_biopol,today,adobe brick for interior wall,climate change,674.2095928184126,-291.6526165782946,2046.9462122888494,,,,,
raw_biopol,today,adobe brick for interior wall,ozone depletion,1.1292700778141895e-05,6.5778560665976265e-06,2.0388863582965682e-05,,,,,
raw_biopol,today,adobe brick for interior wall,particulate matter formation,7.578664372190377e-05,4.282381336664113e-05,0.00013837120170789342,,,,,
raw_biopol,today,adobe brick for interior wall,acidification,3.645182585616599,2.1138674501772172,6.351012895185735,,,,,
raw_biopol,today,adobe brick for interior wall,eutrophication: freshwater,0.14165115378915105,0.0635959215300764,0.3684340761176786,,,,,
raw_biopol,today,adobe brick for interior wall,land use,9524.568510859619,922.1335366795244,22460.116653893154,,,,,
raw_biopol,today,adobe brick for interior wall,water use,574.4586576476961,353.34470219924305,917.317943260774,,,,,
raw_biopol,today,adobe brick for interior wall,material resources: metals/minerals,0.005357445959100721,0.002713650860048538,0.011901572954661606,,,,,
raw_biopol,today,clay brick for interior wall,climate change,657.200061708061,211.29340490692036,1322.4144269123155,,,,,
raw_biopol,today,clay brick for interior wall,ozone depletion,9.547010613957421e-06,6.563723950859193e-06,1.5301389479008227e-05,,,,,
raw_biopol,today,clay brick for interior wall,particulate matter formation,4.2671580546019744e-05,2.796961517442712e-05,6.800499970856419e-05,,,,,
raw_biopol,today,clay brick for interior wall,acidification,2.3634318407072614,1.6329375331116287,3.4287216125163207,,,,,
raw_biopol,today,clay brick for interior wall,eutrophication: freshwater,0.10759182085370875,0.053927710482786995,0.25291417097534025,,,,,
raw_biopol,today,clay brick for interior wall,land use,4608.074850561663,2728.243918448139,8204.70515690157,,,,,
raw_biopol,today,clay brick for interior wall,water use,79.58648603012898,52.07841871459627,137.0019303974786,,,,,
raw_biopol,today,clay brick for interior wall,material resources: metals/minerals,0.002723150617484633,0.0016000137033329769,0.005461838290413225,,,,,
raw_biopol,2050,RAW biopol (3D-printed wall),climate change,644.5607389677052,343.8798345993752,1125.4864383971874,,,0.015,0.124,
raw_biopol,2050,RAW biopol (3D-printed wall),ozone depletion,7.674954873104894e-05,5.056954338985781e-05,0.00011662132777334324,,,0.017,0.0,
raw_biopol,2050,RAW biopol (3D-printed wall),particulate matter formation,0.00013134222603925676,8.812142607891529e-05,0.00019457954300114235,,,0.0,0.0,
raw_biopol,2050,RAW biopol (3D-printed wall),acidification,17.448659538245998,11.738833758078432,25.848512805108005,,,0.0,0.0,
raw_biopol,2050,RAW biopol (3D-printed wall),eutrophication: freshwater,1.4025678390798522,0.941274449623342,2.0931121511395703,,,0.0,0.0,
raw_biopol,2050,RAW biopol (3D-printed wall),land use,231341.71749304797,154518.2949589241,345055.9904792545,,,0.0,0.0,
raw_biopol,2050,RAW biopol (3D-printed wall),water use,5047.673515695305,3375.774014091978,7564.92288774714,,,0.0,0.0,
raw_biopol,2050,RAW biopol (3D-printed wall),material resources: metals/minerals,0.07363149918250483,0.04786132076348524,0.11374556894859487,,,0.0,0.0,
raw_biopol,2050,RAW biopol (3D-printed wall) - scaled up,climate change,569.6828467141621,290.2859658668559,1018.9559424971281,,,,,
raw_biopol,2050,RAW biopol (3D-printed wall) - scaled up,ozone depletion,7.342072476544641e-05,4.82920060734061e-05,0.00011185719897143885,,,,,
raw_biopol,2050,RAW biopol (3D-printed wall) - scaled up,particulate matter formation,0.0001219365782152877,8.193902323106928e-05,0.00018168270458817073,,,,,
raw_biopol,2050,RAW biopol (3D-printed wall) - scaled up,acidification,16.524334265915098,11.114605491196702,24.52692653925518,,,,,
raw_biopol,2050,RAW biopol (3D-printed wall) - scaled up,eutrophication: freshwater,1.328814401595516,0.8899362766193236,1.9793256259489624,,,,,
raw_biopol,2050,RAW biopol (3D-printed wall) - scaled up,land use,229355.3300806217,153288.8618152267,342446.8064693573,,,,,
raw_biopol,2050,RAW biopol (3D-printed wall) - scaled up,water use,4912.548239284582,3283.2139810851754,7347.621360503151,,,,,
raw_biopol,2050,RAW biopol (3D-printed wall) - scaled up,material resources: metals/minerals,0.06903299238210384,0.04489234630852587,0.1068586452575166,,,,,
raw_biopol,2050,adobe brick for interior wall,climate change,235.11366304818645,161.36811376148472,335.59284595129424,,,,,
raw_biopol,2050,adobe brick for interior wall,ozone depletion,3.4894289970640654e-05,2.174828298740373e-05,5.5386331905949076e-05,,,,,
raw_biopol,2050,adobe brick for interior wall,particulate matter formation,3.608409816037056e-05,2.4759422913499174e-05,5.148881270457894e-05,,,,,
raw_biopol,2050,adobe brick for interior wall,acidification,1.8099719213293863,1.2373436563163562,2.5735668446746374,,,,,
raw_biopol,2050,adobe brick for interior wall,eutrophication: freshwater,0.053168408337645745,0.03630044108323875,0.07532726803309314,,,,,
raw_biopol,2050,adobe brick for interior wall,land use,8622.577342611985,5924.152936882647,12316.331032527332,,,,,
raw_biopol,2050,adobe brick for interior wall,water use,559.4264974507738,383.8005984639935,798.2676646153506,,,,,
raw_biopol,2050,adobe brick for interior wall,material resources: metals/minerals,0.007391354375074674,0.005050171728021964,0.010566296381845721,,,,,
raw_biopol,2050,clay brick for interior wall,climate change,416.34118540556403,314.41235128555775,537.3510152325217,,,,,
raw_biopol,2050,clay brick for interior wall,ozone depletion,1.4546089030236609e-05,1.0552342640441832e-05,1.9980337572491334e-05,,,,,
raw_biopol,2050,clay brick for interior wall,particulate matter formation,2.225501943932417e-05,1.669760688249461e-05,2.8716996896312994e-05,,,,,
raw_biopol,2050,clay brick for interior wall,acidification,1.332399562154439,1.0070611909228044,1.7220259456360896,,,,,
raw_biopol,2050,clay brick for interior wall,eutrophication: freshwater,0.029788933679969702,0.0222941761606615,0.03870000604154814,,,,,
raw_biopol,2050,clay brick for interior wall,land use,3506.2833939692987,2635.0807577197775,4622.442726058267,,,,,
raw_biopol,2050,clay brick for interior wall,water use,64.58301668127933,48.33294212392486,85.9075486971667,,,,,
raw_biopol,2050,clay brick for interior wall,material resources: metals/minerals,0.0026377390148952786,0.0019525777485266075,0.0034696748866754217,,,,,
raw_knit,today,RAW knitted hemp (membrane),climate change,211.2188657104491,-112.66194613146833,640.944906910385,,,,,0.966
raw_knit,today,RAW knitted hemp (membrane),ozone depletion,4.525949718072076e-06,3.079567170466219e-06,7.430445607608037e-06,,,,,1.0
raw_knit,today,RAW knitted hemp (membrane),particulate matter formation,2.9505811983060534e-05,2.026543228610821e-05,4.852031924535895e-05,,,,,0.273
raw_knit,today,RAW knitted hemp (membrane),acidification,4.197989640372585,2.883134329135354,6.727671607464677,,,,,0.0075
raw_knit,today,RAW knitted hemp (membrane),eutrophication: freshwater,0.16553127755460467,0.0936971636141025,0.35135226637940825,,,,,0.5975
raw_knit,today,RAW knitted hemp (membrane),land use,9360.599647862757,-30804.3307870679,53692.965233812596,,,,,0.375
raw_knit,today,RAW knitted hemp (membrane),water use,81.04798921396181,56.56984724705926,130.5905828713701,,,,,0.956
raw_knit,today,RAW knitted hemp (membrane),material resources: metals/minerals,0.003238632516061631,0.002106770071686942,0.005397679184237976,,,,,0.704
raw_knit,today,RAW knitted hemp (membrane) - scaled up,climate change,237.07820009186085,-133.52894928773497,725.5989288255512,,,,,
raw_knit,today,RAW knitted hemp (membrane) - scaled up,ozone depletion,5.142273823097769e-06,3.525994351027821e-06,8.391816174691642e-06,,,,,
raw_knit,today,RAW knitted hemp (membrane) - scaled up,particulate matter formation,3.0429992357875e-05,2.0868710535225733e-05,5.014614593917998e-05,,,,,
raw_knit,today,RAW knitted hemp (membrane) - scaled up,acidification,4.294820483935969,2.949415106178818,6.912737124458809,,,,,
raw_knit,today,RAW knitted hemp (membrane) - scaled up,eutrophication: freshwater,0.18211314471937984,0.10318268752002263,0.3921452516737533,,,,,
raw_knit,today,RAW knitted hemp (membrane) - scaled up,land use,9526.053361550312,-30647.5289891025,53842.76822727172,,,,,
raw_knit,today,RAW knitted hemp (membrane) - scaled up,water use,88.74522430352572,62.24232471348949,143.04884565035871,,,,,
raw_knit,today,RAW knitted hemp (membrane) - scaled up,material resources: metals/minerals,0.0037794054915032526,0.0024560682186503453,0.0063648934926880335,,,,,
raw_knit,today,synthetic polymer architectural membrane,climate change,535.3431429699294,138.98241294527722,1084.32785196243,,,,,
raw_knit,today,synthetic polymer architectural membrane,ozone depletion,0.0012057685629579562,0.0006128814621280969,0.002305644914591788,,,,,
raw_knit,today,synthetic polymer architectural membrane,particulate matter formation,2.389085015451346e-05,1.6153063813046707e-05,4.0469068917152626e-05,,,,,
raw_knit,today,synthetic polymer architectural membrane,acidification,2.097194505529149,1.5750641969561392,2.8936737111832542,,,,,
raw_knit,today,synthetic polymer architectural membrane,eutrophication: freshwater,0.17929900438941965,0.09337576315975916,0.3858388882487741,,,,,
raw_knit,today,synthetic polymer architectural membrane,land use,1467.8171972912855,970.0588488983727,2436.4408510647627,,,,,
raw_knit,today,synthetic polymer architectural membrane,water use,141.7853872574193,108.12263842723995,191.72953567186167,,,,,
raw_knit,today,synthetic polymer architectural membrane,material resources: metals/minerals,0.004226957886967154,0.0019429432441537267,0.009607440585504846,,,,,
raw_knit,2050,RAW knitted hemp (membrane),climate change,44.3726241862274,22.326811601774793,93.01643238611463,,,,,1.0
raw_knit,2050,RAW knitted hemp (membrane),ozone depletion,2.30233954660576e-06,1.5991094568092384e-06,3.687791690868436e-06,,,,,1.0
raw_knit,2050,RAW knitted hemp (membrane),particulate matter formation,2.4317462004109914e-05,1.739261261146527e-05,3.839866653149306e-05,,,,,0.0
raw_knit,2050,RAW knitted hemp (membrane),acidification,3.6877980520189264,2.6356583039932566,5.819683372423331,,,,,0.0
raw_knit,2050,RAW knitted hemp (membrane),eutrophication: freshwater,0.06559453385990742,0.04723352296426683,0.10293879421762381,,,,,0.0
raw_knit,2050,RAW knitted hemp (membrane),land use,9257.821907972995,6624.399882811386,14570.505638408471,,,,,0.0
raw_knit,2050,RAW knitted hemp (membrane),water use,74.98675089705156,54.39078097304079,118.32478142156056,,,,,0.875
raw_knit,2050,RAW knitted hemp (membrane),material resources: metals/minerals,0.002010462163980877,0.0014087917391000244,0.0032085307988306646,,,,,0.378
raw_knit,2050,RAW knitted hemp (membrane) - scaled up,climate change,47.11906724806025,24.268508899899015,98.20665118874942,,,,,
raw_knit,2050,RAW knitted hemp (membrane) - scaled up,ozone depletion,2.5017442818154625e-06,1.7747253286516609e-06,4.008341525718063e-06,,,,,
raw_knit,2050,RAW knitted hemp (membrane) - scaled up,particulate matter formation,2.471711557043941e-05,1.7715621909496678e-05,3.8987543506114454e-05,,,,,
raw_knit,2050,RAW knitted hemp (membrane) - scaled up,acidification,3.733827150005075,2.669127919632593,5.893915250977748,,,,,
raw_knit,2050,RAW knitted hemp (membrane) - scaled up,eutrophication: freshwater,0.06852197476181004,0.04956042519028598,0.10841814011065284,,,,,
raw_knit,2050,RAW knitted hemp (membrane) - scaled up,land use,9379.212203634183,6691.268781960982,14782.095518650794,,,,,
raw_knit,2050,RAW knitted hemp (membrane) - scaled up,water use,82.95243686029582,60.45185198353105,130.86597571310728,,,,,
raw_knit,2050,RAW knitted hemp (membrane) - scaled up,material resources: metals/minerals,0.002285570613435947,0.0016183015264803736,0.003684268237738963,,,,,
raw_knit,2050,synthetic polymer architectural membrane,climate change,268.89724847929676,223.02977291584045,324.9965300342576,,,,,
raw_knit,2050,synthetic polymer architectural membrane,ozone depletion,0.001150985601837574,0.0009509293071188981,0.0013869261451176524,,,,,
raw_knit,2050,synthetic polymer architectural membrane,particulate matter formation,6.148930656461446e-06,5.065993510882797e-06,7.3959943133890465e-06,,,,,
raw_knit,2050,synthetic polymer architectural membrane,acidification,0.6020604038516477,0.496691885881221,0.724540163830279,,,,,
raw_knit,2050,synthetic polymer architectural membrane,eutrophication: freshwater,0.029344419589516405,0.024201923003473062,0.03529691420480146,,,,,
raw_knit,2050,synthetic polymer architectural membrane,land use,1250.6010526142504,1007.856734147162,1566.385993679194,,,,,
raw_knit,2050,synthetic polymer architectural membrane,water use,102.34771979432122,84.52583082986014,123.41863137633078,,,,,
raw_knit,2050,synthetic polymer architectural membrane,material resources: metals/minerals,0.0018439612337360892,0.0014551506664591295,0.0024597923854320354,,,,,
