case,group,stage,item,qualifier,parameter,description,unit,typical,min,max,distribution,choices,source,status,comments
glulam beam,design,product,product size formula,,depth_ratio,Beam span divided by beam depth,-,20,16.0,24.0,triangular,,product_LCIs formula (previous version of the sheet),placeholder,
glulam beam,design,product,product size formula,,width_ratio,Beam depth divided by beam width,-,3,2.4,3.6,triangular,,product_LCIs formula (previous version of the sheet),placeholder,
reinforced concrete beam,design,product,product size formula,,depth_ratio,Beam span divided by beam depth,-,12,9.6,14.4,triangular,,product_LCIs formula (previous version of the sheet),placeholder,
reinforced concrete beam,design,product,product size formula,,width_over_depth,Beam width divided by beam depth,-,0.5,0.4,0.6,triangular,,product_LCIs formula (previous version of the sheet),placeholder,
reinforced concrete beam,design,product,product size formula,,concrete_density,Density of reinforced concrete,kg/m3,2400,1920.0,2880.0,triangular,,product_LCIs formula (previous version of the sheet),placeholder,
reinforced concrete beam,design,product,product size formula,,steel_share,Share of the beam mass that is reinforcing steel,-,0.06,0.048,0.072,triangular,,product_LCIs formula (previous version of the sheet),placeholder,
reinforced concrete beam,design,product,product size formula,,formwork_thickness,Thickness of the plywood formwork,m,0.018,0.0144,0.0216,triangular,,product_LCIs formula (previous version of the sheet),placeholder,
reinforced concrete beam,design,product,product size formula,,formwork_density,Density of the plywood formwork,kg/m3,600,480.0,720.0,triangular,,product_LCIs formula (previous version of the sheet),placeholder,
reinforced concrete beam,design,product,product size formula,,formwork_reuse,Times the formwork is reused,-,10,8.0,12.0,triangular,,product_LCIs formula (previous version of the sheet),placeholder,
"""traditional"" coreless filament winded beam",design,product,product size formula,,fibre_length_per_span,Metres of fibre per metre of beam span,m/m,550,440.0,660.0,triangular,,product_LCIs formula (previous version of the sheet),placeholder,
adobe brick for interior wall,design,product,product size formula,,wall_height,Height of the wall,m,3,2.4,3.6,triangular,,product_LCIs formula (previous version of the sheet),placeholder,
adobe brick for interior wall,design,product,product size formula,,thickness_ratio,Wall height divided by wall thickness,-,10,8.0,12.0,triangular,,product_LCIs formula (previous version of the sheet),placeholder,
adobe brick for interior wall,design,product,product size formula,,density,Density of the adobe wall (mortar is the same material),kg/m3,1700,1360.0,2040.0,triangular,,product_LCIs formula (previous version of the sheet),placeholder,
clay brick for interior wall,design,product,product size formula,,wall_height,Height of the wall,m,3,2.4,3.6,triangular,,product_LCIs formula (previous version of the sheet),placeholder,
clay brick for interior wall,design,product,product size formula,,thickness,Wall thickness (standard brick),m,0.115,0.092,0.138,triangular,,product_LCIs formula (previous version of the sheet),placeholder,
clay brick for interior wall,design,product,product size formula,,brick_share,Share of the wall volume that is brick (rest is mortar),-,0.84,0.672,1.008,triangular,,product_LCIs formula (previous version of the sheet),placeholder,
clay brick for interior wall,design,product,product size formula,,density,Density of brick and mortar,kg/m3,1900,1520.0,2280.0,triangular,,product_LCIs formula (previous version of the sheet),placeholder,
synthetic polymer architectural membrane,design,product,product size formula,,areal_density,Mass of polyester fibre per m2 of coverage,kg/m2,0.3,0.24,0.36,triangular,,product_LCIs formula (previous version of the sheet),placeholder,
glulam beam,circularity,use,product,,service life,Years the product lasts in use,yrs,60,48.0,72.0,triangular,,"PLACEHOLDER - no source yet, to be set from literature",placeholder,
glulam beam,circularity,end-of-life,glulam timber,incinerated,share of waste,Share of the product's end-of-life mass that goes to this route (the routes add up to 100 %): incinerated with energy recovery,%,60.0,48.0,72.0,triangular,,LCA-team assumption (previous baseline_eol_assumptions.csv),placeholder,
glulam beam,circularity,end-of-life,glulam timber,recycled_open,share of waste,Share of the product's end-of-life mass that goes to this route (the routes add up to 100 %): recycled (open loop),%,30.0,24.0,36.0,triangular,,LCA-team assumption (previous baseline_eol_assumptions.csv),placeholder,
glulam beam,circularity,end-of-life,glulam timber,landfilled,share of waste,Share of the product's end-of-life mass that goes to this route (the routes add up to 100 %): landfilled,%,10.0,8.0,12.0,triangular,,LCA-team assumption (previous baseline_eol_assumptions.csv),placeholder,
glulam beam,location,end-of-life,waste,,disposal grid location,Country whose electricity mix is displaced by energy recovered at end of life,country code,NL,,,choice,,,placeholder,
reinforced concrete beam,circularity,use,product,,service life,Years the product lasts in use,yrs,75,60.0,90.0,triangular,,"PLACEHOLDER - no source yet, to be set from literature",placeholder,
reinforced concrete beam,circularity,end-of-life,concrete,recycled_open,share of waste,Share of the product's end-of-life mass that goes to this route (the routes add up to 100 %): recycled (open loop),%,90.0,72.0,100.0,triangular,,LCA-team assumption (previous baseline_eol_assumptions.csv),placeholder,
reinforced concrete beam,circularity,end-of-life,concrete,landfilled,share of waste,Share of the product's end-of-life mass that goes to this route (the routes add up to 100 %): landfilled,%,10.0,8.0,12.0,triangular,,LCA-team assumption (previous baseline_eol_assumptions.csv),placeholder,
reinforced concrete beam,circularity,end-of-life,steel,recycled_open,share of waste,Share of the product's end-of-life mass that goes to this route (the routes add up to 100 %): recycled (open loop),%,90.0,72.0,100.0,triangular,,LCA-team assumption (previous baseline_eol_assumptions.csv),placeholder,
reinforced concrete beam,circularity,end-of-life,steel,landfilled,share of waste,Share of the product's end-of-life mass that goes to this route (the routes add up to 100 %): landfilled,%,10.0,8.0,12.0,triangular,,LCA-team assumption (previous baseline_eol_assumptions.csv),placeholder,
reinforced concrete beam,circularity,end-of-life,formwork,incinerated,share of waste,Share of the product's end-of-life mass that goes to this route (the routes add up to 100 %): incinerated with energy recovery,%,100.0,80.0,100.0,triangular,,LCA-team assumption (previous baseline_eol_assumptions.csv),placeholder,
reinforced concrete beam,location,end-of-life,waste,,disposal grid location,Country whose electricity mix is displaced by energy recovered at end of life,country code,NL,,,choice,,,placeholder,
"""traditional"" coreless filament winded beam",circularity,use,product,,service life,Years the product lasts in use,yrs,50,40.0,60.0,triangular,,"PLACEHOLDER - no source yet, to be set from literature",placeholder,
"""traditional"" coreless filament winded beam",location,end-of-life,waste,,disposal grid location,Country whose electricity mix is displaced by energy recovered at end of life,country code,NL,,,choice,,,placeholder,
adobe brick for interior wall,circularity,use,product,,service life,Years the product lasts in use,yrs,50,40.0,60.0,triangular,,"PLACEHOLDER - no source yet, to be set from literature",placeholder,
adobe brick for interior wall,circularity,end-of-life,adobe brick,recycled_closed,share of waste,Share of the product's end-of-life mass that goes to this route (the routes add up to 100 %): recycled (closed loop),%,50.0,40.0,60.0,triangular,,LCA-team assumption (previous baseline_eol_assumptions.csv),placeholder,
adobe brick for interior wall,circularity,end-of-life,adobe brick,landfilled,share of waste,Share of the product's end-of-life mass that goes to this route (the routes add up to 100 %): landfilled,%,50.0,40.0,60.0,triangular,,LCA-team assumption (previous baseline_eol_assumptions.csv),placeholder,
adobe brick for interior wall,location,end-of-life,waste,,disposal grid location,Country whose electricity mix is displaced by energy recovered at end of life,country code,NL,,,choice,,,placeholder,
clay brick for interior wall,circularity,use,product,,service life,Years the product lasts in use,yrs,75,60.0,90.0,triangular,,"PLACEHOLDER - no source yet, to be set from literature",placeholder,
clay brick for interior wall,circularity,end-of-life,clay brick,recycled_open,share of waste,Share of the product's end-of-life mass that goes to this route (the routes add up to 100 %): recycled (open loop),%,50.0,40.0,60.0,triangular,,LCA-team assumption (previous baseline_eol_assumptions.csv),placeholder,
clay brick for interior wall,circularity,end-of-life,clay brick,landfilled,share of waste,Share of the product's end-of-life mass that goes to this route (the routes add up to 100 %): landfilled,%,50.0,40.0,60.0,triangular,,LCA-team assumption (previous baseline_eol_assumptions.csv),placeholder,
clay brick for interior wall,circularity,end-of-life,lime mortar,landfilled,share of waste,Share of the product's end-of-life mass that goes to this route (the routes add up to 100 %): landfilled,%,100.0,80.0,100.0,triangular,,LCA-team assumption (previous baseline_eol_assumptions.csv),placeholder,
clay brick for interior wall,location,end-of-life,waste,,disposal grid location,Country whose electricity mix is displaced by energy recovered at end of life,country code,NL,,,choice,,,placeholder,
synthetic polymer architectural membrane,circularity,use,product,,service life,Years the product lasts in use,yrs,20,16.0,24.0,triangular,,"PLACEHOLDER - no source yet, to be set from literature",placeholder,
synthetic polymer architectural membrane,circularity,end-of-life,polyester fiber,incinerated,share of waste,Share of the product's end-of-life mass that goes to this route (the routes add up to 100 %): incinerated with energy recovery,%,70.0,56.0,84.0,triangular,,LCA-team assumption (previous baseline_eol_assumptions.csv),placeholder,
synthetic polymer architectural membrane,circularity,end-of-life,polyester fiber,landfilled,share of waste,Share of the product's end-of-life mass that goes to this route (the routes add up to 100 %): landfilled,%,30.0,24.0,36.0,triangular,,LCA-team assumption (previous baseline_eol_assumptions.csv),placeholder,
synthetic polymer architectural membrane,circularity,end-of-life,weaving,recycled_closed,share of waste,Share of the product's end-of-life mass that goes to this route (the routes add up to 100 %): recycled (closed loop),%,100.0,80.0,100.0,triangular,,LCA-team assumption (previous baseline_eol_assumptions.csv),placeholder,
synthetic polymer architectural membrane,location,end-of-life,waste,,disposal grid location,Country whose electricity mix is displaced by energy recovered at end of life,country code,NL,,,choice,,,placeholder,
