activity_name,kg_per_unit,route,treatment_burden_name,lhv_MJ_per_kg,carbon_material,comments
glulam timber,439,incinerated,,17.7,glulam timber,
glulam timber,439,recycled_open,,,,
glulam timber,439,landfilled,,,,
concrete,1,recycled_open,waste reinforced concrete recycling,,,
concrete,1,landfilled,waste concrete landfilling,,,
steel,1,recycled_open,waste reinforced concrete recycling,,,
steel,1,landfilled,waste concrete landfilling,,,
formwork,1,incinerated,,14.2,,
adobe brick,1,recycled_closed,none,,,
adobe brick,1,landfilled,waste inert landfilling,,,
clay brick,1,recycled_open,waste brick recycling,,,
clay brick,1,landfilled,waste inert landfilling,,,
lime mortar,1,landfilled,waste inert landfilling,,,
polyester fiber,1,incinerated,waste plastic incineration,23.0,,
polyester fiber,1,landfilled,waste plastic landfilling,,,
weaving,1,recycled_closed,none,,,
