rotation_period_yr,storage_0yr,storage_10yr,storage_20yr,storage_30yr,storage_40yr,storage_50yr,storage_60yr,storage_70yr,storage_80yr,storage_90yr,storage_100yr,source
1,0.0,-0.07,-0.15,-0.23,-0.32,-0.4,-0.5,-0.6,-0.71,-0.84,-0.99,"Guest et al. (2012), Table 1, 100-yr time horizon"
10,0.04,-0.04,-0.12,-0.2,-0.28,-0.37,-0.46,-0.57,-0.68,-0.8,-0.96,"Guest et al. (2012), Table 1, 100-yr time horizon"
20,0.08,0.0,-0.08,-0.16,-0.24,-0.33,-0.42,-0.53,-0.64,-0.76,-0.92,"Guest et al. (2012), Table 1, 100-yr time horizon"
30,0.12,0.04,-0.04,-0.12,-0.2,-0.29,-0.38,-0.48,-0.6,-0.72,-0.88,"Guest et al. (2012), Table 1, 100-yr time horizon"
40,0.16,0.09,0.01,-0.08,-0.16,-0.25,-0.34,-0.44,-0.55,-0.68,-0.84,"Guest et al. (2012), Table 1, 100-yr time horizon"
50,0.2,0.13,0.05,-0.03,-0.12,-0.21,-0.3,-0.4,-0.51,-0.64,-0.8,"Guest et al. (2012), Table 1, 100-yr time horizon"
60,0.25,0.17,0.09,0.01,-0.07,-0.16,-0.26,-0.36,-0.47,-0.59,-0.75,"Guest et al. (2012), Table 1, 100-yr time horizon"
70,0.29,0.22,0.14,0.06,-0.03,-0.12,-0.21,-0.31,-0.42,-0.55,-0.71,"Guest et al. (2012), Table 1, 100-yr time horizon"
80,0.34,0.26,0.18,0.1,0.02,-0.07,-0.17,-0.27,-0.38,-0.5,-0.66,"Guest et al. (2012), Table 1, 100-yr time horizon"
90,0.38,0.31,0.23,0.15,0.06,-0.03,-0.12,-0.22,-0.33,-0.46,-0.62,"Guest et al. (2012), Table 1, 100-yr time horizon"
100,0.44,0.37,0.29,0.21,0.12,0.032,-0.06,-0.16,-0.27,-0.4,-0.56,"Guest et al. (2012), Table 1, 100-yr time horizon"
