constant,unit,value,,simplified pre-defined constants
unit_burdens.csv,,,,
material burdens,,,,
burden of producing material from virgin source,kgCO2/kg,0.6,,"pre-calculated burden of virgin material production (e.g. growing) and transportation to factory. Includes all EF units, but using CO2 as an example. Model will have burdens for multiple materials, but this sheet is simplified and only shows one material"
burden of producing material from co-product source,kgCO2/kg,0.1,,"pre-calculated burden of co-product (e.g. bark, sawdust) that is no a recyclate. the burden is allocated according to its value relative to the product"
burden of producing material from recycled source,kgCO2/kg,0.3,,"pre-calculated burden of recycled material production, can be either recycled product (e.g. biopolymer), or recycled material (e.g. sawdust)"
fabrication burdens,,,,
burden of transportation ,kgCO2/kg,0.2,,pre-calculated burden of transporting 1kg of material for 50km
burden of machine wear,kgCO2/kg,0.1,,"pre-calculated burden of machine wear, based on ecoinvent dataset for ""market for industrial machine"""
burden of energy use ,kgCO2/kwh,0.3,,"pre-calculated burden of energy use, based on ecoinvent dataset for ""market for electricity, low voltage"". Model will include values for multiple EU countries"
end-of-life burdens,,,,
burden of composting waste,kgCO2/kg,0.03,,"treatment of biowaste, industrial composting"
burden of recycling waste,kgCO2/kg,0.08,,"treatment of waste wood, post-consumer, sorting and shredding. for now, burden of open vs closed loop recycling is the same."
burden of incinerating waste,kgCO2/kg,0.02,,"treatment of biowaste, municipal incineration"
burden of landfilling waste,kgCO2/kg,0.3,,"treatment of biowaste, open dump"
avoided burdens,,,,
avoided burden - composting,kgCO2/kg,0.1,,market for compost
avoided buden - open loop recycling,kgCO2/kg,0.5,,"market for wood chips, dry, measured as dry mass. there is no avoided burden for closed-loop recycling because that would be double counting"
"avoided burden - incineration, heat",kgCO2eq/MJ,0.07,,"market group for heat, district or industrial, natural gas"
"avoided burden - incineration, electricity",kgCO2eq/MJ,0.08,,"market for electricity, low voltage"
unit_benefits.csv,,,,
carbon sequestration benefits,,,,
carbon content of material,kgCO2/kg,0.5,,pre-calculated carbon content of material. Model will include values for multiple materials
rotation preiod of material,yrs,1,,pre-defined rotation period of material. Model will include values for multiple materials
eol_constants.csv,,,,"⬇ right now, EoL constants are the same, regardless of material (e.g. hemp vs timber), or product (e.g. compost, recyclate). the only exception of LHV."
market ratio constants,,,,
allocation factor (A),-,0.8,,"factor between 0 and 1, where 0 = recycling rate is high, 1 = recycling rate is low"
circularity constants,,,,
quality ratio of (input) recycled vs virgin material,%,0.9,,"quality ratio recycled / virgin material. the higher the number, the higher the quality of recycled material."
quality ratio of (output) recycled vs virgin material,%,0.9,,"quality ratio recycled / virgin material. the higher the number, the higher the quality of recycled material."
incineration constants,,,,
lower heating value (LHV) ,MJ/kg,17,,energy (per kg) material releases when burned
conversion efficiency for heat,%,0.6,,fraction of LHV energy actually exported as usable heat. source: https://publications.jrc.ec.europa.eu/repository/bitstream/JRC70956/jrc%20efficiency%20of%20heat%20and%20electricity%20production%20technologies%20final%20revision%2020121115%20online.pdf  
conversion efficiency for electricity,%,0.25,,fraction of LHV energy actually exported as usable electricity. source: https://publications.jrc.ec.europa.eu/repository/bitstream/JRC70956/jrc%20efficiency%20of%20heat%20and%20electricity%20production%20technologies%20final%20revision%2020121115%20online.pdf 
,,,,
,,,,
parameter,unit,value,,user inputs
material phase,,,,
product mass,kg,1,,simplified - model will allow user to pick multiple materials. For each material user picks source (product / waste / wild) and amount
share of input materials from virgin sources,%,0.5,,"simplified - user doesn't input these percentages directly, they input the kg materials and model calculates these percentages."
share of input materials from co-product sources,%,0.3,,
share of input materials from recycled sources (open loop),%,0.1,,
share of input materials from recycled sources (closed loop),%,0.1,,
production phase,,,,"simplified - model will allow user to define multiple processes, and take into account material loss between different processes"
expected lifetime,yrs,25,,
kg machine - production,kg,1200,,
power - production,kW,2,,
machine lifetime - production,hrs,40000,,
output efficiency - production,kg/hr,2,,
use / repair phase,,,,
material needed - repair,kg,0.3,,
expected lifetime extension per repair event,yrs,10,,
number of repair events ,#,2,,
kg machine - repair,kg,1200,,
power - repair,kW,2,,
machine lifetime - repair,hrs,40000,,
output efficiency - repair,kg/hr,2,,
end of life phase - disposal options,,,,
share of waste composted,%,0.5,,user will directly put these percentages in
share of waste recycled (open loop),%,0.2,,
share of waste recycled (closed loop),%,0.1,,pre-defined by user input
share of waste incinerated for energy,%,0.1,,
share of waste landfilled,%,0.1,,
,,,,
,,,,
intermediate result,unit,value,,"intermediate model calculations, hidden from user"
production phase,,,,
process time,hr,0.5,,
machine wear,kg,0.015,,
energy use,kwh,1,,
repair phase,,,,
process time - repair,hr,0.15,,
repair machine wear,kg,0.009,,
repair energy use,kwh,0.6,,
intermediate LCA calculations - burdens,,,,"simplified - model will account for multiple materials and their sources (product/waste/wild). all EF units and values, but using CO2 as example"
material burdens,,,,
burden of producing virgin input material,kgCO2,0.3,,
burden of producing co-product input material,kgCO2,0.03,,
burden of producing recycled input material,kgCO2,0.0348, ,R1 * (A * E_recycled + (1 - A) * E_v * (Qsin/Qp))
fabrication and repair burdens,,,,
burden of fabricating product,kgCO2,0.3015,,
burden of repair event(s),kgCO2,0.1809,,
end of life burdens,,,,
burden of composting waste,kgCO2,0.003,,(1-A) * R2 * (E_compostingEoL - E*_v * (Qsout/Qp))
burden of recycling waste (open loop),kgCO2,0.0032,,(1-A) * R2 * (E_recyclingEoL - E*_v * (Qsout/Qp))
burden of recycling waste (closed loop),kgCO2,0.0016,,(1-A) * R2 * (E_recyclingEoL - E*_v * (Qsout/Qp))
burden of incinerating waste,kgCO2,0.002,,R3 * (E_incineration - LHV * X_in_heat * E_heat - LHV * X_in_elec * E_elec)
burden of landfilling waste,kgCO2,0.03,,R4 * E_landfill
intermediate LCA calculations - benefits,,,,
carbon sequestration benefits,,,,
material carbon content (total),kgCO2,0.5,,
carbon sequestration factor,-,0.45,,ratio of sequestration time vs time horizon (assuming TH of 100 years)
circularity benefits,,,,
benefit of composting waste,kgCO2,-0.009,,"this calculation is for closed-loop recycling. to calculate open loop recycling, we need a E*_v value for what our waste product in replacing"
benefit of recycling waste,kgCO2,-0.018,,"this calculation is for closed-loop recycling. to calculate open loop recycling, we need a E*_v value for what our waste product in replacing"
benefit of incinerating waste,kgCO2,-0.1054,,
,,,,
,,,,
result,unit,value,,"simplified - all EF units and values, but using CO2 as example"
environmental burden,kgCO2,0.887,,
environmental benefit (carbon sequestration),kgCO2,-0.225,,"simplified calculation. Real calculation takes into account storage period, rotation period, and decay of carbon in atmosphere"
environmental benefit (circularity),kgCO2,-0.1324,,
net environmental impact,kgCO2,0.5296,,
