comparison_raw_timber,comparison_raw_cfw,comparison_raw_biopol,comparison_raw_knit,element_type,case_type,case_name,display_name,spec_variable,spec_label,spec_unit,activity_name,activity_unit,formula,amount_at_spec_1_check,comments
True,True,False,False,beam,conventional bio-based,glulam beam,glulam beam,span,beam span,m,glulam timber,m3,(span / depth_ratio) * ((span / depth_ratio) / width_ratio) * span,0.00083,volume (m3) = depth (span / 20) * width (depth / 3) * span
True,True,False,False,beam,conventional fossil-based,reinforced concrete beam,reinforced concrete beam,span,beam span,m,concrete,kg,span * (span / depth_ratio) * (width_over_depth * (span / depth_ratio)) * concrete_density * (1 - steel_share),7.83333,kg = span * depth (span / 12) * width (0.5 * depth) * density (2400 kg/m3) * 94%
True,True,False,False,beam,conventional fossil-based,reinforced concrete beam,reinforced concrete beam,span,beam span,m,steel,kg,span * (span / depth_ratio) * (width_over_depth * (span / depth_ratio)) * concrete_density * steel_share,0.5,kg = span * depth (span / 12) * width (0.5 * depth) * density (2400 kg/m3) * 6%
True,True,False,False,beam,conventional fossil-based,reinforced concrete beam,reinforced concrete beam,span,beam span,m,formwork,kg,span * (2 * (span / depth_ratio) + width_over_depth * (span / depth_ratio)) * formwork_thickness * formwork_density / formwork_reuse,0.225,kg plywood formwork = span * (2 * depth (span / 12) + width (0.5 * depth)) / 10 (reuse up to 10 times) * thickness (0.018m) * density (600kg/m3)
False,False,False,False,beam,conventional bio-based,"""traditional"" coreless filament winded beam","""traditional"" coreless filament winded beam",span,beam span,m,CFW beam,m,span * fibre_length_per_span,550.0,"check with Fabian and Otto Stuttgart scientific reports paper numbers: plate spans = 5-7.5m, fiber lengths = ~3800m per element, which means ~500-600m fiber per m span"
False,False,True,False,wall,conventional bio-based,adobe brick for interior wall,adobe brick for interior wall,length,wall length,m,adobe brick,kg,length * wall_height * (wall_height / thickness_ratio) * density,1530.0,"kg = wall length * height (3m) * thickness (height/10) * density (1700 kg/m3)... mortar is same material, so not listed separately"
False,False,True,False,wall,conventional fossil-based,clay brick for interior wall,clay brick for interior wall,length,wall length,m,clay brick,kg,length * wall_height * thickness * brick_share * density,550.62,"kg = wall length * height (3m) * thickness (0.115m, standard brick) * 84% * density (1900 kg/m3) "
False,False,True,False,wall,conventional fossil-based,clay brick for interior wall,clay brick for interior wall,length,wall length,m,lime mortar,kg,length * wall_height * thickness * (1 - brick_share) * density,104.88,kg = wall volume * 16% * density (1900 kg/m3)
False,False,False,True,membrane,conventional fossil-based,synthetic polymer architectural membrane,synthetic polymer architectural membrane,coverage,membrane coverage,m2,polyester fiber,kg,coverage * areal_density,0.3,kg = coverage (m2) * density (0.3 kg/m2) 
False,False,False,True,membrane,conventional fossil-based,synthetic polymer architectural membrane,synthetic polymer architectural membrane,coverage,membrane coverage,m2,weaving,kg,coverage * areal_density,0.3,kg = coverage (m2) * density (0.3 kg/m2) 
,,,,beam,raw,raw_timber,RAW reclaimed timber (CNC beam),span,beam span,m,raw_timber production,kg,span * (span / depth_ratio) * ((span / depth_ratio) / width_ratio) * density,0.4,check with Amin and Nadja dimensions and density: kg product = span * depth (span/20) * width (depth/3) * density (480kg/m3)
,,,,beam,raw,raw_cfw,RAW coreless filament winding (beam),span,beam span,m,raw_cfw production,kg,span * fibre_length_per_span * fibre_mass_per_length,3.3,"check with Fabian and Otto numbers from Suttgart paper, seems ridiculously light: kg = span * fiber_length_perSpan (550m / span) * fiber_density (0.006 kg / m_fiber)"
,,,,wall,raw,raw_biopol,RAW biopol (3D-printed wall),length,wall length,m,raw_biopol production,kg,length * wall_height * (wall_height / thickness_ratio) * density,315.0,check with Carl wall thickness and density: kg = wall length * height (3m) * thickness (height/10) * density (350 kg/m3)
,,,,membrane,raw,raw_knit,RAW knitted hemp (membrane),coverage,membrane coverage,m2,raw_knit production,kg,coverage * areal_density,0.4,check with Yulia formula and density: kg = coverage (m2) * density (0.4 kg/m2)
