activity_name,kg_per_unit,route,share_pct,treatment_burden_name,lhv_MJ_per_kg,carbon_material,storage_yr
glulam timber,439,incinerated,60,,17.7,glulam timber,50.0
glulam timber,439,recycled_open,30,,,,
glulam timber,439,landfilled,10,,,,
concrete,1,recycled_open,90,waste reinforced concrete recycling,,,
concrete,1,landfilled,10,waste concrete landfilling,,,
steel,1,recycled_open,90,waste reinforced concrete recycling,,,
steel,1,landfilled,10,waste concrete landfilling,,,
formwork,1,incinerated,100,,14.2,,
adobe brick,1,recycled_closed,50,none,,,
adobe brick,1,landfilled,50,waste inert landfilling,,,
clay brick,1,recycled_open,50,waste brick recycling,,,
clay brick,1,landfilled,50,waste inert landfilling,,,
lime mortar,1,landfilled,100,waste inert landfilling,,,
polyester fiber,1,incinerated,70,waste plastic incineration,23.0,,
polyester fiber,1,landfilled,30,waste plastic landfilling,,,
weaving,1,recycled_closed,100,none,,,
