machining_process,parameter,unit,small_scale,large_scale
3D printing,machine lifetime,hrs,6000.0,40000.0
3D printing,machine weight,kg,15.0,1200.0
3D printing,output efficiency,kg/hr,0.05,15.0
3D printing,power,kW,0.1,2.0
CNC knitting,machine lifetime,hrs,10000.0,50000.0
CNC knitting,machine weight,kg,210.0,2000.0
CNC knitting,output efficiency,kg/hr,0.15,1.5
CNC knitting,power,kW,0.4,4.0
CNC milling,machine lifetime,hrs,12000.0,70000.0
CNC milling,machine weight,kg,80.0,5000.0
CNC milling,output efficiency,kg/hr,0.3,10.0
CNC milling,power,kW,1.2,20.0
Coreless filament winding,machine lifetime,hrs,12000.0,50000.0
Coreless filament winding,machine weight,kg,200.0,5000.0
Coreless filament winding,output efficiency,kg/hr,1.0,10.0
Coreless filament winding,power,kW,1.0,25.0
