comparison_raw_timber,comparison_raw_cfw,comparison_raw_biopol,comparison_raw_knit,element_type,case_type,case_name,spec_var,spec_unit,spec_label,activity_name,activity_unit,formula,sheet_amount_at_fu1,comments
TRUE,FALSE,FALSE,FALSE,beam,conventional bio-based,glulam beam,span,m,beam span,glulam timber,m3,(span / 20) * ((span / 20) / 3) * span,0.00083,volume (m3) = depth (span / 20) * width (depth / 3) * span
TRUE,TRUE,FALSE,FALSE,beam,conventional fossil-based,reinforced concrete beam,span,m,beam span,concrete,kg,span * (span / 12) * (0.5 * (span / 12)) * 2400 * 0.94,7.83333,kg = span * depth (span / 12) * width (0.5 * depth) * density (2400 kg/m3) * 94%
TRUE,TRUE,FALSE,FALSE,beam,conventional fossil-based,reinforced concrete beam,span,m,beam span,steel,kg,(span * (span / 12) * (0.5 * (span / 12)) * 2400) * 0.06,0.5,kg = span * depth (span / 12) * width (0.5 * depth) * density (2400 kg/m3) * 6%
TRUE,TRUE,FALSE,FALSE,beam,conventional fossil-based,reinforced concrete beam,span,m,beam span,formwork,kg,span * (2 * (span/12) + (0.5*span/12)) * 0.018 * 600 / 10,0.225,kg plywood formwork = span * (2 * depth (span / 12) + width (0.5 * depth)) / 10 (reuse up to 10 times) * thickness (0.018m) * density (600kg/m3)
FALSE,FALSE,FALSE,FALSE,beam,conventional bio-based,"""traditional"" coreless filament winded beam",span,m,beam span,CFW beam,m,span * 550,550.0,"check with Fabian and Otto Stuttgart scientific reports paper numbers: plate spans = 5-7.5m, fiber lengths = ~3800m per element, which means ~500-600m fiber per m span"
FALSE,FALSE,TRUE,FALSE,wall,conventional bio-based,adobe brick for interior wall,length,m,wall length,adobe brick,kg,length * 3 * (3/10) * 1700,1530.0,"kg = wall length * height (3m) * thickness (height/10) * density (1700 kg/m3)... mortar is same material, so not listed separately"
FALSE,FALSE,TRUE,FALSE,wall,conventional fossil-based,clay brick for interior wall,length,m,wall length,clay brick,kg,length * 3 * 0.115 * 0.84 * 1900,550.62,"kg = wall length * height (3m) * thickness (0.115m, standard brick) * 84% * density (1900 kg/m3) "
FALSE,FALSE,TRUE,FALSE,wall,conventional fossil-based,clay brick for interior wall,length,m,wall length,lime mortar,kg,length * 3 * 0.115 * 0.16 * 1900,104.88,kg = wall volume * 16% * density (1900 kg/m3)
FALSE,FALSE,FALSE,TRUE,membrane,conventional fossil-based,synthetic polymer architectural membrane,coverage,m2,membrane coverage,polyester fiber,kg,coverage * 0.3,0.3,kg = coverage (m2) * density (0.3 kg/m2) 
FALSE,FALSE,FALSE,TRUE,membrane,conventional fossil-based,synthetic polymer architectural membrane,coverage,m2,membrane coverage,weaving,kg,coverage * 0.3,0.3,kg = coverage (m2) * density (0.3 kg/m2) 
n/a,n/a,n/a,n/a,beam,raw,raw_timber,span,m,beam span,raw_timber production,kg,span * (span/20) * ((span/20)/3) * 480,0.4,check with Amin and Nadja dimensions and density: kg product = span * depth (span/20) * width (depth/3) * density (480kg/m3)
n/a,n/a,n/a,n/a,beam,raw,raw_cfw,span,m,beam span,raw_cfw production,kg,span * 550 * 0.006,3.3,"check with Fabian and Otto numbers from Suttgart paper, seems ridiculously light: kg = span * fiber_length_perSpan (550m / span) * fiber_density (0.006 kg / m_fiber)"
n/a,n/a,n/a,n/a,wall,raw,raw_biopol,length,m,wall length,raw_biopol production,kg,length * 3 * (3/10) * 350,315.0,check with Carl wall thickness and density: kg = wall length * height (3m) * thickness (height/10) * density (350 kg/m3)
n/a,n/a,n/a,n/a,membrane,raw,raw_knit,coverage,m2,membrane coverage,raw_knit production,kg,coverage * 0.4,0.4,check with Yulia formula and density: kg = coverage (m2) * density (0.4 kg/m2)
