raw_case,stage,material_name,material_source,percentage
raw_biopol,production,Pea protein binder,virgin,70
raw_biopol,production,Sawdust,co-product,20
raw_biopol,production,Seagrass,wild-harvested,10
raw_biopol,repair,Pea protein binder,virgin,80
raw_biopol,repair,Seagrass,wild-harvested,10
raw_biopol,repair,Hemp fiber,virgin,10
raw_timber,production,Hard wood,recycled,100
raw_timber,repair,Hard wood,recycled,100
raw_cfw,production,Hemp fiber,virgin,60
raw_cfw,production,Fiber glue (epoxy resin),virgin,40
raw_cfw,repair,Hemp fiber,virgin,60
raw_cfw,repair,Fiber glue (epoxy resin),virgin,40
raw_knit,production,Hemp fiber,virgin,100
raw_knit,repair,Hemp fiber,virgin,100
