case,group,stage,item,qualifier,parameter,description,unit,typical,min,max,scaled_up,distribution,choices,source,status,comments
raw_knit,design,production,Hemp fiber,virgin,share of input mass,Share of the production input mass made of this material (virgin); the shares of one stage add up to 100 %,%,100,80,100,,triangular,,,placeholder,
raw_knit,design,repair,Hemp fiber,virgin,share of input mass,Share of the repair input mass made of this material (virgin); the shares of one stage add up to 100 %,%,100,80,100,,triangular,,,placeholder,
raw_knit,manufacturing,production,Carding & roving,,machine weight,Weight of the machine used in this step (used to account for machine wear),kg,3000,2400,3600,,triangular,,HTML tool preset (placeholder),placeholder,
raw_knit,manufacturing,production,Carding & roving,,power,Electric power the machine draws while running,kW,12,9.6,14.4,,triangular,,HTML tool preset (placeholder),placeholder,
raw_knit,manufacturing,production,Carding & roving,,output rate,Mass of material the machine processes per hour,kg/hr,15,12,18,,triangular,,HTML tool preset (placeholder),placeholder,
raw_knit,manufacturing,production,Carding & roving,,machine lifetime,Operating hours before the machine is worn out,hrs,50000,40000,60000,,triangular,,HTML tool preset (placeholder),placeholder,
raw_knit,manufacturing,production,Carding & roving,,process yield,Share of the material entering this step that leaves it as usable output (the rest is waste),%,85,68,100,,triangular,,HTML tool preset (placeholder),placeholder,
raw_knit,manufacturing,production,Carding & roving,,machine source,Whether the machine is new (virgin) or reused/recycled (recycled),-,virgin,,,,choice,virgin;recycled,,placeholder,
raw_knit,manufacturing,production,Spinning,,machine weight,Weight of the machine used in this step (used to account for machine wear),kg,800,640,960,,triangular,,HTML tool preset (placeholder),placeholder,
raw_knit,manufacturing,production,Spinning,,power,Electric power the machine draws while running,kW,5,4,6,,triangular,,HTML tool preset (placeholder),placeholder,
raw_knit,manufacturing,production,Spinning,,output rate,Mass of material the machine processes per hour,kg/hr,8,6.4,9.6,,triangular,,HTML tool preset (placeholder),placeholder,
raw_knit,manufacturing,production,Spinning,,machine lifetime,Operating hours before the machine is worn out,hrs,50000,40000,60000,,triangular,,HTML tool preset (placeholder),placeholder,
raw_knit,manufacturing,production,Spinning,,process yield,Share of the material entering this step that leaves it as usable output (the rest is waste),%,98,78.4,100,,triangular,,HTML tool preset (placeholder),placeholder,
raw_knit,manufacturing,production,Spinning,,machine source,Whether the machine is new (virgin) or reused/recycled (recycled),-,virgin,,,,choice,virgin;recycled,,placeholder,
raw_knit,manufacturing,production,CNC knitting,,machine weight,Weight of the machine used in this step (used to account for machine wear),kg,1500,1200,1800,2000,triangular,,HTML tool preset (placeholder),placeholder,
raw_knit,manufacturing,production,CNC knitting,,power,Electric power the machine draws while running,kW,4,3.2,4.8,4,triangular,,HTML tool preset (placeholder),placeholder,
raw_knit,manufacturing,production,CNC knitting,,output rate,Mass of material the machine processes per hour,kg/hr,2,1.6,2.4,1.5,triangular,,HTML tool preset (placeholder),placeholder,
raw_knit,manufacturing,production,CNC knitting,,machine lifetime,Operating hours before the machine is worn out,hrs,50000,40000,60000,50000,triangular,,HTML tool preset (placeholder),placeholder,
raw_knit,manufacturing,production,CNC knitting,,process yield,Share of the material entering this step that leaves it as usable output (the rest is waste),%,98,78.4,100,,triangular,,HTML tool preset (placeholder),placeholder,
raw_knit,manufacturing,production,CNC knitting,,machine source,Whether the machine is new (virgin) or reused/recycled (recycled),-,virgin,,,,choice,virgin;recycled,,placeholder,
raw_knit,manufacturing,repair,Carding & roving,,machine weight,Weight of the machine used in this step (used to account for machine wear),kg,3000,2400,3600,,triangular,,HTML tool preset (placeholder),placeholder,
raw_knit,manufacturing,repair,Carding & roving,,power,Electric power the machine draws while running,kW,12,9.6,14.4,,triangular,,HTML tool preset (placeholder),placeholder,
raw_knit,manufacturing,repair,Carding & roving,,output rate,Mass of material the machine processes per hour,kg/hr,15,12,18,,triangular,,HTML tool preset (placeholder),placeholder,
raw_knit,manufacturing,repair,Carding & roving,,machine lifetime,Operating hours before the machine is worn out,hrs,50000,40000,60000,,triangular,,HTML tool preset (placeholder),placeholder,
raw_knit,manufacturing,repair,Carding & roving,,process yield,Share of the material entering this step that leaves it as usable output (the rest is waste),%,85,68,100,,triangular,,HTML tool preset (placeholder),placeholder,
raw_knit,manufacturing,repair,Carding & roving,,machine source,Whether the machine is new (virgin) or reused/recycled (recycled),-,virgin,,,,choice,virgin;recycled,,placeholder,
raw_knit,manufacturing,repair,Spinning,,machine weight,Weight of the machine used in this step (used to account for machine wear),kg,800,640,960,,triangular,,HTML tool preset (placeholder),placeholder,
raw_knit,manufacturing,repair,Spinning,,power,Electric power the machine draws while running,kW,5,4,6,,triangular,,HTML tool preset (placeholder),placeholder,
raw_knit,manufacturing,repair,Spinning,,output rate,Mass of material the machine processes per hour,kg/hr,8,6.4,9.6,,triangular,,HTML tool preset (placeholder),placeholder,
raw_knit,manufacturing,repair,Spinning,,machine lifetime,Operating hours before the machine is worn out,hrs,50000,40000,60000,,triangular,,HTML tool preset (placeholder),placeholder,
raw_knit,manufacturing,repair,Spinning,,process yield,Share of the material entering this step that leaves it as usable output (the rest is waste),%,98,78.4,100,,triangular,,HTML tool preset (placeholder),placeholder,
raw_knit,manufacturing,repair,Spinning,,machine source,Whether the machine is new (virgin) or reused/recycled (recycled),-,virgin,,,,choice,virgin;recycled,,placeholder,
raw_knit,manufacturing,repair,CNC knitting,,machine weight,Weight of the machine used in this step (used to account for machine wear),kg,1500,1200,1800,,triangular,,HTML tool preset (placeholder),placeholder,
raw_knit,manufacturing,repair,CNC knitting,,power,Electric power the machine draws while running,kW,4,3.2,4.8,,triangular,,HTML tool preset (placeholder),placeholder,
raw_knit,manufacturing,repair,CNC knitting,,output rate,Mass of material the machine processes per hour,kg/hr,2,1.6,2.4,,triangular,,HTML tool preset (placeholder),placeholder,
raw_knit,manufacturing,repair,CNC knitting,,machine lifetime,Operating hours before the machine is worn out,hrs,50000,40000,60000,,triangular,,HTML tool preset (placeholder),placeholder,
raw_knit,manufacturing,repair,CNC knitting,,process yield,Share of the material entering this step that leaves it as usable output (the rest is waste),%,98,78.4,100,,triangular,,HTML tool preset (placeholder),placeholder,
raw_knit,manufacturing,repair,CNC knitting,,machine source,Whether the machine is new (virgin) or reused/recycled (recycled),-,virgin,,,,choice,virgin;recycled,,placeholder,
raw_knit,circularity,use,product,,expected lifetime,Years the product lasts before any repair,yrs,15,12,18,,triangular,,,placeholder,
raw_knit,circularity,use,product,,lifetime extension per repair,Years added to the product's life by one repair,yrs,10,8,12,,triangular,,,placeholder,
raw_knit,circularity,repair,repair material,,share of product mass per repair,"Mass of material added per repair, as a share of the product mass",%,10,8,12,,triangular,,,placeholder,
raw_knit,circularity,end-of-life,waste,composted,share of waste,Share of the product's end-of-life mass that goes to this route (the routes add up to 100 %): composted,%,0,0,0,,fixed,,,placeholder,
raw_knit,circularity,end-of-life,waste,recycled_open,share of waste,Share of the product's end-of-life mass that goes to this route (the routes add up to 100 %): recycled (open loop),%,0,0,0,,fixed,,,placeholder,
raw_knit,circularity,end-of-life,waste,recycled_closed,share of waste,Share of the product's end-of-life mass that goes to this route (the routes add up to 100 %): recycled (closed loop),%,80,64,96,,triangular,,,placeholder,
raw_knit,circularity,end-of-life,waste,incinerated,share of waste,Share of the product's end-of-life mass that goes to this route (the routes add up to 100 %): incinerated with energy recovery,%,20,16,24,,triangular,,,placeholder,
raw_knit,circularity,end-of-life,waste,landfilled,share of waste,Share of the product's end-of-life mass that goes to this route (the routes add up to 100 %): landfilled,%,0,0,0,,fixed,,,placeholder,
raw_knit,location,general,product,,location,"Country whose electricity mix is used for every process step, and whose grid is displaced by energy recovered at end of life",country code,NL,,,,choice,,,placeholder,
