case,stage,item,qualifier,parameter,description,unit,typical,min,max,scaled_up,distribution,choices,source,status,comments
glulam beam,production,glulam timber,,amount per kg product,Amount of glulam timber per kg of product,m3/kg,0.002277904328018223,0.002277904328018223,0.002277904328018223,,fixed,,derived from the previous products-tab formulas,placeholder,1 / 439 kg per m3
glulam beam,use,product,,service life,Years the product lasts in use,yrs,60,48,72,,triangular,,"PLACEHOLDER - no source yet, to be set from literature",placeholder,
glulam beam,end-of-life,waste incineration,glulam timber,amount per kg product,"kg of glulam timber that goes to waste incineration at end of life, per kg of product",kg/kg,0.6,0.48,0.72,,triangular,,LCA-team assumption (previous baseline_eol_assumptions.csv),placeholder,
glulam beam,end-of-life,waste recycling,glulam timber,amount per kg product,"kg of glulam timber that goes to waste recycling at end of life, per kg of product",kg/kg,0.3,0.24,0.36,,triangular,,LCA-team assumption (previous baseline_eol_assumptions.csv),placeholder,
glulam beam,end-of-life,waste landfilling,glulam timber,amount per kg product,"kg of glulam timber that goes to waste landfilling at end of life, per kg of product",kg/kg,0.1,0.08,0.12,,triangular,,LCA-team assumption (previous baseline_eol_assumptions.csv),placeholder,
glulam beam,general,product,,location,Country whose electricity mix is displaced by energy recovered at end of life,country code,NL,,,,choice,,,placeholder,
reinforced concrete beam,production,concrete,,amount per kg product,Amount of concrete per kg of product,kg/kg,0.94,0.94,0.94,,fixed,,derived from the previous products-tab formulas,placeholder,
reinforced concrete beam,production,steel,,amount per kg product,Amount of steel per kg of product,kg/kg,0.06,0.06,0.06,,fixed,,derived from the previous products-tab formulas,placeholder,
reinforced concrete beam,production,formwork,,amount per kg product,Amount of formwork per kg of product,kg/kg,0.0045,0.0045,0.0045,,fixed,,derived from the previous products-tab formulas,placeholder,"fixed per kg of beam, exact at the 6 m reference span: formwork 6 x (2 x 0.5 + 0.25) m x 0.018 m x 600 kg/m3 / 10 reuses = 8.1 kg per 1800 kg of beam"
reinforced concrete beam,use,product,,service life,Years the product lasts in use,yrs,75,60,90,,triangular,,"PLACEHOLDER - no source yet, to be set from literature",placeholder,
reinforced concrete beam,end-of-life,waste reinforced concrete recycling,concrete,amount per kg product,"kg of concrete that goes to waste reinforced concrete recycling at end of life, per kg of product",kg/kg,0.846,0.6768,1.0152,,triangular,,LCA-team assumption (previous baseline_eol_assumptions.csv),placeholder,
reinforced concrete beam,end-of-life,waste reinforced concrete recycling,steel,amount per kg product,"kg of steel that goes to waste reinforced concrete recycling at end of life, per kg of product",kg/kg,0.054,0.0432,0.0648,,triangular,,LCA-team assumption (previous baseline_eol_assumptions.csv),placeholder,
reinforced concrete beam,end-of-life,waste concrete landfilling,concrete,amount per kg product,"kg of concrete that goes to waste concrete landfilling at end of life, per kg of product",kg/kg,0.094,0.0752,0.1128,,triangular,,LCA-team assumption (previous baseline_eol_assumptions.csv),placeholder,
reinforced concrete beam,end-of-life,waste concrete landfilling,steel,amount per kg product,"kg of steel that goes to waste concrete landfilling at end of life, per kg of product",kg/kg,0.006,0.0048,0.0072,,triangular,,LCA-team assumption (previous baseline_eol_assumptions.csv),placeholder,
reinforced concrete beam,end-of-life,waste incineration,formwork,amount per kg product,"kg of formwork that goes to waste incineration at end of life, per kg of product",kg/kg,0.0045,0.0036,0.0054,,triangular,,LCA-team assumption (previous baseline_eol_assumptions.csv),placeholder,"fixed per kg of beam, exact at the 6 m reference span: formwork 6 x (2 x 0.5 + 0.25) m x 0.018 m x 600 kg/m3 / 10 reuses = 8.1 kg per 1800 kg of beam"
reinforced concrete beam,general,product,,location,Country whose electricity mix is displaced by energy recovered at end of life,country code,NL,,,,choice,,,placeholder,
"""traditional"" coreless filament winded beam",production,glass fibre,,amount per kg product,Amount of glass fibre per kg of product,kg/kg,0.6,0.6,0.6,,fixed,,derived from the previous products-tab formulas,placeholder,placeholder - to be set from the Stuttgart CFW LCA
"""traditional"" coreless filament winded beam",production,Fiber glue (epoxy resin),,amount per kg product,Amount of Fiber glue (epoxy resin) per kg of product,kg/kg,0.4,0.4,0.4,,fixed,,derived from the previous products-tab formulas,placeholder,placeholder - to be set from the Stuttgart CFW LCA
"""traditional"" coreless filament winded beam",use,product,,service life,Years the product lasts in use,yrs,50,40,60,,triangular,,"PLACEHOLDER - no source yet, to be set from literature",placeholder,
"""traditional"" coreless filament winded beam",end-of-life,waste inert landfilling,glass fibre,amount per kg product,"kg of glass fibre that goes to waste inert landfilling at end of life, per kg of product",kg/kg,0.6,0.48,0.72,,triangular,,LCA-team assumption (previous baseline_eol_assumptions.csv),placeholder,placeholder - to be set from the Stuttgart CFW LCA
"""traditional"" coreless filament winded beam",end-of-life,waste plastic landfilling,Fiber glue (epoxy resin),amount per kg product,"kg of Fiber glue (epoxy resin) that goes to waste plastic landfilling at end of life, per kg of product",kg/kg,0.4,0.32,0.48,,triangular,,LCA-team assumption (previous baseline_eol_assumptions.csv),placeholder,placeholder - to be set from the Stuttgart CFW LCA
"""traditional"" coreless filament winded beam",general,product,,location,Country whose electricity mix is displaced by energy recovered at end of life,country code,NL,,,,choice,,,placeholder,
adobe brick for interior wall,production,adobe brick,,amount per kg product,Amount of adobe brick per kg of product,kg/kg,1,1,1,,fixed,,derived from the previous products-tab formulas,placeholder,
adobe brick for interior wall,use,product,,service life,Years the product lasts in use,yrs,50,40,60,,triangular,,"PLACEHOLDER - no source yet, to be set from literature",placeholder,
adobe brick for interior wall,end-of-life,waste inert landfilling,adobe brick,amount per kg product,"kg of adobe brick that goes to waste inert landfilling at end of life, per kg of product",kg/kg,0.5,0.4,0.6,,triangular,,LCA-team assumption (previous baseline_eol_assumptions.csv),placeholder,the other 50 % is reused (no treatment)
adobe brick for interior wall,general,product,,location,Country whose electricity mix is displaced by energy recovered at end of life,country code,NL,,,,choice,,,placeholder,
clay brick for interior wall,production,clay brick,,amount per kg product,Amount of clay brick per kg of product,kg/kg,0.84,0.84,0.84,,fixed,,derived from the previous products-tab formulas,placeholder,
clay brick for interior wall,production,lime mortar,,amount per kg product,Amount of lime mortar per kg of product,kg/kg,0.16,0.16,0.16,,fixed,,derived from the previous products-tab formulas,placeholder,
clay brick for interior wall,use,product,,service life,Years the product lasts in use,yrs,75,60,90,,triangular,,"PLACEHOLDER - no source yet, to be set from literature",placeholder,
clay brick for interior wall,end-of-life,waste brick recycling,clay brick,amount per kg product,"kg of clay brick that goes to waste brick recycling at end of life, per kg of product",kg/kg,0.42,0.336,0.504,,triangular,,LCA-team assumption (previous baseline_eol_assumptions.csv),placeholder,
clay brick for interior wall,end-of-life,waste inert landfilling,clay brick,amount per kg product,"kg of clay brick that goes to waste inert landfilling at end of life, per kg of product",kg/kg,0.42,0.336,0.504,,triangular,,LCA-team assumption (previous baseline_eol_assumptions.csv),placeholder,
clay brick for interior wall,end-of-life,waste inert landfilling,lime mortar,amount per kg product,"kg of lime mortar that goes to waste inert landfilling at end of life, per kg of product",kg/kg,0.16,0.128,0.192,,triangular,,LCA-team assumption (previous baseline_eol_assumptions.csv),placeholder,
clay brick for interior wall,general,product,,location,Country whose electricity mix is displaced by energy recovered at end of life,country code,NL,,,,choice,,,placeholder,
synthetic polymer architectural membrane,production,polyester fiber,,amount per kg product,Amount of polyester fiber per kg of product,kg/kg,1,1,1,,fixed,,derived from the previous products-tab formulas,placeholder,
synthetic polymer architectural membrane,production,weaving,,amount per kg product,Amount of weaving per kg of product,kg/kg,1,1,1,,fixed,,derived from the previous products-tab formulas,placeholder,
synthetic polymer architectural membrane,use,product,,service life,Years the product lasts in use,yrs,20,16,24,,triangular,,"PLACEHOLDER - no source yet, to be set from literature",placeholder,
synthetic polymer architectural membrane,end-of-life,waste plastic incineration,polyester fiber,amount per kg product,"kg of polyester fiber that goes to waste plastic incineration at end of life, per kg of product",kg/kg,0.7,0.56,0.84,,triangular,,LCA-team assumption (previous baseline_eol_assumptions.csv),placeholder,
synthetic polymer architectural membrane,end-of-life,waste plastic landfilling,polyester fiber,amount per kg product,"kg of polyester fiber that goes to waste plastic landfilling at end of life, per kg of product",kg/kg,0.3,0.24,0.36,,triangular,,LCA-team assumption (previous baseline_eol_assumptions.csv),placeholder,
synthetic polymer architectural membrane,general,product,,location,Country whose electricity mix is displaced by energy recovered at end of life,country code,NL,,,,choice,,,placeholder,
