element_type,case_type,case_name,display_name,spec_variable,spec_label,spec_unit,activity_name,activity_unit,formula,amount_at_spec_1_check,comments
beam,conventional bio-based,glulam beam,glulam beam,span,beam span,m,glulam beam production,kg,(span / depth_ratio) * ((span / depth_ratio) / width_ratio) * span * density,0.365833,kg = depth (span / 20) * width (depth / 3) * span * density (439 kg/m3)
beam,conventional fossil-based,reinforced concrete beam,reinforced concrete beam,span,beam span,m,reinforced concrete beam production,kg,span * (span / depth_ratio) * (width_over_depth * (span / depth_ratio)) * concrete_density,8.33333,kg = span * depth (span / 12) * width (0.5 * depth) * density (2400 kg/m3)
beam,conventional bio-based,"""traditional"" coreless filament winded beam","""traditional"" coreless filament winded beam",span,beam span,m,"""traditional"" coreless filament winded beam production",kg,span * fibre_length_per_span * fibre_mass_per_length / fibre_mass_share,5.5,kg = fibre mass (placeholder values) / fibre share of the composite mass
wall,conventional bio-based,adobe brick for interior wall,adobe brick for interior wall,length,wall length,m,adobe brick for interior wall production,kg,length * wall_height * (wall_height / thickness_ratio) * density,1530,"kg = wall length * height (3m) * thickness (height/10) * density (1700 kg/m3)... mortar is same material, so not listed separately"
wall,conventional fossil-based,clay brick for interior wall,clay brick for interior wall,length,wall length,m,clay brick for interior wall production,kg,length * wall_height * thickness * density,655.5,"kg = length * height (3 m) * thickness (0.115 m) * density (1900 kg/m3), brick + mortar"
membrane,conventional fossil-based,synthetic polymer architectural membrane,synthetic polymer architectural membrane,coverage,membrane coverage,m2,synthetic polymer architectural membrane production,kg,coverage * areal_density,0.3,kg = coverage * areal density (0.3 kg/m2)
beam,raw,raw_timber,RAW reclaimed timber (CNC beam),span,beam span,m,raw_timber production,kg,span * (span / depth_ratio) * ((span / depth_ratio) / width_ratio) * density,0.4,check with Amin and Nadja dimensions and density: kg product = span * depth (span/20) * width (depth/3) * density (480kg/m3)
beam,raw,raw_cfw,RAW coreless filament winding (beam),span,beam span,m,raw_cfw production,kg,span * fibre_length_per_span * fibre_mass_per_length,3.3,"check with Fabian and Otto numbers from Suttgart paper, seems ridiculously light: kg = span * fiber_length_perSpan (550m / span) * fiber_density (0.006 kg / m_fiber)"
wall,raw,raw_biopol,RAW biopol (3D-printed wall),length,wall length,m,raw_biopol production,kg,length * wall_height * (wall_height / thickness_ratio) * density,315,check with Carl wall thickness and density: kg = wall length * height (3m) * thickness (height/10) * density (350 kg/m3)
membrane,raw,raw_knit,RAW knitted hemp (membrane),coverage,membrane coverage,m2,raw_knit production,kg,coverage * areal_density,0.4,check with Yulia formula and density: kg = coverage (m2) * density (0.4 kg/m2)
