comparison_raw_timber,comparison_raw_cfw,comparison_raw_biopol,comparison_raw_knit,element_type,case_type,case_name,functional_unit_amount,functional_unit,activity_name,activity_amount,activity_unit,formula_functionalUnitAmount_to_activityAmount,comments
True,False,False,False,beam,conventional bio-based,glulam beam,1,m (beam span),glulam timber,0.0008333333333,m3,m3 = (span / 20) * ((span / 20) / 3) * span,volume (m3) = depth (span / 20) * width (depth / 3) * span
True,True,False,False,beam,conventional fossil-based,reinforced concrete beam,1,m (beam span),concrete,7.833333333,kg,kg = span * (span / 12) * (0.5 * (span / 12)) * 2400 * 0.94,kg = span * depth (span / 12) * width (0.5 * depth) * density (2400 kg/m3) * 94%
True,True,False,False,beam,conventional fossil-based,reinforced concrete beam,1,m (beam span),steel,0.5,kg,kg = (span * (span / 12) * (0.5 * (span / 12)) * 2400) * 0.06,kg = span * depth (span / 12) * width (0.5 * depth) * density (2400 kg/m3) * 6%
True,True,False,False,beam,conventional fossil-based,reinforced concrete beam,1,m (beam span),formwork,0.225,kg,kg = span * (2 * (span/12) + (0.5*span/12)) * 0.018 * 600 / 10,kg plywood formwork = span * (2 * depth (span / 12) + width (0.5 * depth)) / 10 (reuse up to 10 times) * thickness (0.018m) * density (600kg/m3)
False,False,False,False,beam,conventional bio-based,"""traditional"" coreless filament winded beam",1,m (beam span),CFW beam,550,m,m = span * 550,"check with Fabian and Otto Stuttgart scientific reports paper numbers: plate spans = 5-7.5m, fiber lengths = ~3800m per element, which means ~500-600m fiber per m span"
False,False,True,False,wall,conventional bio-based,adobe brick for interior wall,1,m (wall length),adobe brick,1530,kg,kg = length * 3 * (3/10) * 1700,"kg = wall length * height (3m) * thickness (height/10) * density (1700 kg/m3)... mortar is same material, so not listed separately"
False,False,True,False,wall,conventional fossil-based,clay brick for interior wall,1,m (wall length),clay brick,550.62,kg,kg = length * 3 * 0.115 * 0.84 * 1900,"kg = wall length * height (3m) * thickness (0.115m, standard brick) * 84% * density (1900 kg/m3) "
False,False,True,False,wall,conventional fossil-based,clay brick for interior wall,1,m (wall length),lime mortar,104.88,kg,kg = length * 3 * 0.115 * 0.16 * 1900,kg = wall volume * 16% * density (1900 kg/m3)
False,False,False,True,membrane,conventional fossil-based,synthetic polymer architectural membrane,1,m2 (membrane coverage),polyester fiber,0.3,kg,kg = coverage * 0.3,kg = coverage (m2) * density (0.3 kg/m2) 
False,False,False,True,membrane,conventional fossil-based,synthetic polymer architectural membrane,1,m2 (membrane coverage),weaving,0.3,kg,kg = coverage * 0.3,kg = coverage (m2) * density (0.3 kg/m2) 
,,,,beam,raw,raw_timber,1,m (beam span),raw_timber production,0.4,kg,kg = span * (span/20) * ((span/20)/3) * 480,check with Amin and Nadja dimensions and density: kg product = span * depth (span/20) * width (depth/3) * density (480kg/m3)
,,,,beam,raw,raw_cfw,1,m (beam span),raw_cfw production,3.3,kg,kg = span * 550 * 0.006,"check with Fabian and Otto numbers from Suttgart paper, seems ridiculously light: kg = span * fiber_length_perSpan (550m / span) * fiber_density (0.006 kg / m_fiber)"
,,,,wall,raw,raw_biopol,1,m (wall length),raw_biopol production,315,kg,kg = length * 3 * (3/10) * 350,check with Carl wall thickness and density: kg = wall length * height (3m) * thickness (height/10) * density (350 kg/m3)
,,,,membrane,raw,raw_knit,1,m2 (membrane coverage),raw_knit production,0.4,kg,kg = coverage * 0.4,check with Yulia formula and density: kg = coverage (m2) * density (0.4 kg/m2)
