case,parameter,description,unit,value,source,comments
glulam beam,depth_ratio,Beam span divided by beam depth,-,20,product_LCIs formula (previous version of the sheet),
glulam beam,width_ratio,Beam depth divided by beam width,-,3,product_LCIs formula (previous version of the sheet),
reinforced concrete beam,depth_ratio,Beam span divided by beam depth,-,12,product_LCIs formula (previous version of the sheet),
reinforced concrete beam,width_over_depth,Beam width divided by beam depth,-,0.5,product_LCIs formula (previous version of the sheet),
reinforced concrete beam,concrete_density,Density of reinforced concrete,kg/m3,2400,product_LCIs formula (previous version of the sheet),
reinforced concrete beam,steel_share,Share of the beam mass that is reinforcing steel,-,0.06,product_LCIs formula (previous version of the sheet),
reinforced concrete beam,formwork_thickness,Thickness of the plywood formwork,m,0.018,product_LCIs formula (previous version of the sheet),
reinforced concrete beam,formwork_density,Density of the plywood formwork,kg/m3,600,product_LCIs formula (previous version of the sheet),
reinforced concrete beam,formwork_reuse,Times the formwork is reused,-,10,product_LCIs formula (previous version of the sheet),
"""traditional"" coreless filament winded beam",fibre_length_per_span,Metres of fibre per metre of beam span,m/m,550,product_LCIs formula (previous version of the sheet),
adobe brick for interior wall,wall_height,Height of the wall,m,3,product_LCIs formula (previous version of the sheet),
adobe brick for interior wall,thickness_ratio,Wall height divided by wall thickness,-,10,product_LCIs formula (previous version of the sheet),
adobe brick for interior wall,density,Density of the adobe wall (mortar is the same material),kg/m3,1700,product_LCIs formula (previous version of the sheet),
clay brick for interior wall,wall_height,Height of the wall,m,3,product_LCIs formula (previous version of the sheet),
clay brick for interior wall,thickness,Wall thickness (standard brick),m,0.115,product_LCIs formula (previous version of the sheet),
clay brick for interior wall,brick_share,Share of the wall volume that is brick (rest is mortar),-,0.84,product_LCIs formula (previous version of the sheet),
clay brick for interior wall,density,Density of brick and mortar,kg/m3,1900,product_LCIs formula (previous version of the sheet),
synthetic polymer architectural membrane,areal_density,Mass of polyester fibre per m2 of coverage,kg/m2,0.3,product_LCIs formula (previous version of the sheet),
raw_biopol,wall_height,Height of the wall,m,3,product_LCIs formula (previous version of the sheet),
raw_biopol,thickness_ratio,Wall height divided by wall thickness,-,10,product_LCIs formula (previous version of the sheet),
raw_biopol,density,Density of the finished biopolymer wall,kg/m3,350,product_LCIs formula (previous version of the sheet),
raw_timber,depth_ratio,Beam span divided by beam depth,-,20,product_LCIs formula (previous version of the sheet),
raw_timber,width_ratio,Beam depth divided by beam width,-,3,product_LCIs formula (previous version of the sheet),
raw_timber,density,Density of the finished timber beam,kg/m3,480,product_LCIs formula (previous version of the sheet),
raw_cfw,fibre_length_per_span,Metres of fibre wound per metre of beam span,m/m,550,product_LCIs formula (previous version of the sheet),
raw_cfw,fibre_mass_per_length,Mass of one metre of fibre (incl. resin),kg/m,0.006,product_LCIs formula (previous version of the sheet),
raw_knit,areal_density,Mass of membrane per m2 of coverage,kg/m2,0.4,product_LCIs formula (previous version of the sheet),
