topic,explanation
RAW LCA inputs (v2),"All numbers of the RAW comparative LCA live in this workbook. The model reads it (via a snapshot saved in the code repository), so every value you enter is used in the results. Nothing is hidden in the code."
Colours,"YELLOW tabs (case_*) are for the case partners. BLUE tabs are maintained by the LCA team - please do not edit them, ask instead."
Case tabs,"case_biopol, case_timber, case_cfw, case_knit: one row = one number of your prototype. Fill in `typical`, `min`, `max`, `source` and set `status` for every row."
group,"design = what the product is made of and how big it is; manufacturing = machines, loading, yield; circularity = lifetime, repair, end of life; location = which country's electricity. The groups are used in the sensitivity analysis."
typical / min / max,"typical = your best estimate. min and max = how low / high it could realistically be. If a number is fixed, set min = max = typical. Rows with missing min/max are highlighted in red; they are treated as fixed."
distribution,"triangular (typical is the most likely value), uniform, fixed, or choice (for text values such as a country code or virgin/recycled)."
source / status,"source = where the number comes from (measurement, colleague, paper, datasheet). status: placeholder (first guess by the LCA team, highlighted yellow), partner estimate, measured, literature."
stage / item,"stage = production, repair, use, end-of-life or product (size formula). item = the material, the process step or 'waste' the number belongs to. The order of process steps is the order of the rows."
Shares,Bill-of-materials shares and end-of-life shares of one stage should add up to 100 %. The model re-normalises them.
Process yield,Share of the material entering a step that leaves it as good output (the rest becomes waste). Output rate = kg processed per hour. Machine lifetime = operating hours.
Size formula rows,"Rows with stage = product are the constants inside the formula that turns e.g. a beam span into a mass (density, depth/width ratios, fibre length per span). Their names are used on the products tab."
Scaling up a machine,"A production step is scaled up with the large-scale values of tab processes_typicalValues only if its item name is exactly a machine name on that tab (e.g. CNC milling, 3D printing, CNC knitting, Coreless filament winding)."
Do not,"Do not rename tabs or columns, and do not delete rows without asking: the model reads them by name. You may add rows: copy a row of the same kind and change `item` (a new material must exist on tab unit_burdens_dataSources)."
LCA-team tabs,"baselines (conventional products compared with the RAW cases: lifetimes, end-of-life shares, size-formula constants), products (formulas turning a product size into amounts), baseline_eol_setup, unit_burdens_dataSources / benefits_constants_dataSources / EoL_constants (links to ecoinvent, carbon content, recycling and incineration constants), constants, eol_routes, gwpbio_table, dcf_bern (method constants with citations), study_setup (product sizes, reference service life, analysis settings), scenarios, impact_categories."
Version,"v2, 2026-09-25. Initial values are first guesses by the LCA team (status = placeholder) and must be replaced by the partners. Method description: docs/methods.md in the code repository."
