activity_name,unit,material_source,ecoinventDataset_name,geographicalCoverage,referenceProduct,alternative_data_source,comments
Bio-based materials,,,,,,,
Peas,kg,virgin,market for protein pea,GLO ,protein pea,,
Cotton fiber,kg,virgin,market for seed-cotton,GLO ,seed-cotton,,
Hemp fiber,kg,virgin,"decorticated fibre production, hemp",FR,"decorticated fibre, hemp",,
Hard wood,kg,virgin,"market for sawnwood, hardwood, raw",GLO,"sawnwood, hardwood, raw",,
Soft wood,kg,virgin,"market for sawnwood, softwood, raw",GLO,"sawnwood, softwood, raw",,
Pea protein binder,kg,virgin,,RER,,biopol_lca_database,
Hemp dust,kg,co-product,"decorticated fibre production, hemp",FR,hemp residues,,
Bark chips,kg,co-product,"market for bark chips, green, measured as dry mass",Europe without Switzerland,"bark chips, green, measured as dry mass",,
Sawdust,kg,co-product,"market for sawdust, green, collected, measured as dry mass",Europe without Switzerland,"sawdust, green, collected, measured as dry mass",,
Cellulose reject fibers,kg,co-product,,RER,,road transport 50 km,
Peas,kg,recycled,,RER,,road transport 50 km,
Cotton fiber,kg,recycled,market for waste yarn and waste textile,RoW,waste yarn and waste textile,,
Hard wood,kg,recycled,"market group for waste wood, untreated",RER,"waste wood, untreated",,
Soft wood,kg,recycled,"market group for waste wood, untreated",RER,"waste wood, untreated",,
Seagrass,kg,wild-harvested,,,,road transport 50 km,
Baseline cases,,,,,,,
glulam timber,m3,,"market for glued laminated timber, PUR-glue",CH,"glued laminated timber, PUR-glue",,
concrete,kg,,"market for concrete, medium strength",RoW,"concrete, medium strength",,
steel,kg,,market for reinforcing steel,GLO,reinforcing steel,,
formwork,kg,,market for plywood,RER,plywood,,
CFW beam,m,,,,,,add numbers manually from Stuttgart LCA paper
adobe brick,kg,,market for adobe brick,RoW,adobe brick,,
clay brick,kg,,market for clay brick,RoW,clay brick,,
lime mortar,kg,,market for lime mortar,GLO,lime mortar,,
polyester fiber,kg,,"market for fibre, polyester",GLO,"fibre, polyester",,
weaving,kg,,"market for weaving, synthetic fibre",GLO,"weaving, synthetic fibre",,
Binding materials,,,,,,,
"Mechanical fastener (screws, nails, brackets) ",kg,virgin,"market for steel, low-alloyed, hot rolled",GLO,"steel, low-alloyed, hot rolled",,
Wood glue,kg,virgin,market for melamine urea formaldehyde adhesive,GLO,melamine urea formaldehyde adhesive,,MUF is usually used for gluing wood in engineered timber products
Fiber glue (epoxy resin),kg,virgin,"market for epoxy resin, liquid",RER,"epoxy resin, liquid",,Most commonly used in natural-fiber composite research
Cement,kg,virgin,"market for cement, Portland",Europe without Switzerland,"cement, Portland",,
Lime,kg,virgin,market for hydraulic lime,RER,hydraulic lime,,
Transportation,,,,,,,
Road transport ,ton km,,"market for transport, freight, lorry, unspecified",RER,"transport, freight, lorry, diesel, unspecified",,
Processes,,,,,,,
energy use,kwh,,"market for electricity, low voltage",lookup: all european countries,"electricity, low voltage",,
machine wear,kg,virgin,"market for industrial machine, heavy, unspecified",RER,"industrial machine, heavy, unspecified",,
machine wear,kg,recycled,,RER,,road transport 50 km,
waste composting,kg,,"treatment of biowaste, industrial composting",RoW,biowaste,,
waste recycling,kg,,"treatment of waste wood, post-consumer, sorting and shredding",RoW,"wood chips, from post-consumer wood, dry, measured as dry mass",,
waste incineration,kg,,"treatment of biowaste, municipal incineration",GLO,biowaste,,
waste landfilling,kg,,"treatment of biowaste, open dump",RoW,biowaste,,
Avoided burdens,,,,,,,
avoided burden - composting,kg,,market for compost,GLO,compost,,
avoided buden - open loop recycling,kg,,"market for wood chips, dry, measured as dry mass",RER,"wood chips, dry, measured as dry mass",,
"avoided burden - incineration, heat",MJ,,"market group for heat, district or industrial, natural gas",RER,"heat, district or industrial, natural gas",,
"avoided burden - incineration, electricity",kwh,,"market for electricity, low voltage",lookup: all european countries,"electricity, low voltage",,
