material_name,carbon_content_kgC_per_kgWet,rotation_period_yr
Peas,0.4076971169807151,1.0
Cotton fiber,0.4384249999999998,1.0
Hemp fiber,0.445704,1.0
Bark chips,0.2058333333333334,80.0
Sawdust,0.2905882352941176,80.0
Hard wood,0.2905882352941177,100.0
Soft wood,0.2905882352941178,65.0
Cellulose reject fibers,0.4040000000000005,
Seagrass,0.336,
Pea protein binder,0.2651685393258426,1.0
glulam timber,0.4067,65.0
Fiber glue (epoxy resin),0.0,
Wood glue,0.0,
"Mechanical fastener (screws, nails, brackets)",0.0,
Cement,0.0,
Lime,0.0,
